{"ja-JP": {"C152.1": "横浜市鶴見区 朝日町","C152.2": "横浜市鶴見区 安善町","C152.3": "横浜市鶴見区 市場上町","C152.4": "横浜市鶴見区 市場下町","C152.5": "横浜市鶴見区 市場西中町","C152.6": "横浜市鶴見区 市場東中町","C152.7": "横浜市鶴見区 市場富士見町","C152.8": "横浜市鶴見区 市場大和町","C152.9": "横浜市鶴見区 潮田町","C152.10": "横浜市鶴見区 江ケ崎町","C152.11": "横浜市鶴見区 扇島","C152.12": "横浜市鶴見区 小野町","C152.13": "横浜市鶴見区 梶山","C152.14": "横浜市鶴見区 上末吉","C152.15": "横浜市鶴見区 上の宮","C152.16": "横浜市鶴見区 寛政町","C152.17": "横浜市鶴見区 岸谷","C152.18": "横浜市鶴見区 北寺尾","C152.19": "横浜市鶴見区 駒岡","C152.20": "横浜市鶴見区 栄町通","C152.21": "横浜市鶴見区 汐入町","C152.22": "横浜市鶴見区 獅子ケ谷","C152.23": "横浜市鶴見区 下野谷町","C152.24": "横浜市鶴見区 尻手","C152.25": "横浜市鶴見区 下末吉","C152.26": "横浜市鶴見区 末広町","C152.27": "横浜市鶴見区 菅沢町","C152.28": "横浜市鶴見区 諏訪坂","C152.29": "横浜市鶴見区 大黒町","C152.30": "横浜市鶴見区 大黒ふ頭","C152.31": "横浜市鶴見区 大東町","C152.32": "横浜市鶴見区 佃野町","C152.33": "横浜市鶴見区 鶴見","C152.34": "横浜市鶴見区 鶴見中央","C152.35": "横浜市鶴見区 寺谷","C152.36": "横浜市鶴見区 豊岡町","C152.37": "横浜市鶴見区 仲通","C152.38": "横浜市鶴見区 生麦","C152.39": "横浜市鶴見区 馬場","C152.40": "横浜市鶴見区 浜町","C152.41": "横浜市鶴見区 東寺尾","C152.42": "横浜市鶴見区 東寺尾北台","C152.43": "横浜市鶴見区 東寺尾中台","C152.44": "横浜市鶴見区 東寺尾東台","C152.45": "横浜市鶴見区 平安町","C152.46": "横浜市鶴見区 弁天町","C152.47": "横浜市鶴見区 本町通","C152.48": "横浜市鶴見区 三ツ池公園","C152.49": "横浜市鶴見区 向井町","C152.50": "横浜市鶴見区 元宮","C152.51": "横浜市鶴見区 矢向","C152.52": "横浜市神奈川区 青木町","C152.53": "横浜市神奈川区 旭ケ丘","C152.54": "横浜市神奈川区 出田町","C152.55": "横浜市神奈川区 泉町","C152.56": "横浜市神奈川区 入江","C152.57": "横浜市神奈川区 浦島丘","C152.58": "横浜市神奈川区 浦島町","C152.59": "横浜市神奈川区 恵比須町","C152.60": "横浜市神奈川区 大口通","C152.61": "横浜市神奈川区 大口仲町","C152.62": "横浜市神奈川区 大野町","C152.63": "横浜市神奈川区 片倉","C152.64": "横浜市神奈川区 神奈川","C152.65": "横浜市神奈川区 神奈川本町","C152.66": "横浜市神奈川区 上反町","C152.67": "横浜市神奈川区 神之木台","C152.68": "横浜市神奈川区 神之木町","C152.69": "横浜市神奈川区 亀住町","C152.70": "横浜市神奈川区 神大寺","C152.71": "横浜市神奈川区 桐畑","C152.72": "横浜市神奈川区 金港町","C152.73": "横浜市神奈川区 栗田谷","C152.74": "横浜市神奈川区 幸ケ谷","C152.75": "横浜市神奈川区 子安台","C152.76": "横浜市神奈川区 子安通","C152.77": "横浜市神奈川区 斎藤分町","C152.78": "横浜市神奈川区 栄町","C152.79": "横浜市神奈川区 沢渡","C152.80": "横浜市神奈川区 三枚町","C152.81": "横浜市神奈川区 白幡上町","C152.82": "横浜市神奈川区 白幡町","C152.83": "横浜市神奈川区 白幡仲町","C152.84": "横浜市神奈川区 白幡西町","C152.85": "横浜市神奈川区 白幡東町","C152.86": "横浜市神奈川区 白幡南町","C152.87": "横浜市神奈川区 白幡向町","C152.88": "横浜市神奈川区 新浦島町","C152.89": "横浜市神奈川区 新子安","C152.90": "横浜市神奈川区 新町","C152.91": "横浜市神奈川区 菅田町","C152.92": "横浜市神奈川区 鈴繁町","C152.93": "横浜市神奈川区 台町","C152.94": "横浜市神奈川区 高島台","C152.95": "横浜市神奈川区 宝町","C152.96": "横浜市神奈川区 立町","C152.97": "横浜市神奈川区 反町","C152.98": "横浜市神奈川区 千若町","C152.99": "横浜市神奈川区 鶴屋町","C152.100": "横浜市神奈川区 富家町","C152.101": "横浜市神奈川区 鳥越","C152.102": "横浜市神奈川区 中丸","C152.103": "横浜市神奈川区 七島町","C152.104": "横浜市神奈川区 西大口","C152.105": "横浜市神奈川区 西神奈川","C152.106": "横浜市神奈川区 西寺尾","C152.107": "横浜市神奈川区 二本榎","C152.108": "横浜市神奈川区 白楽","C152.109": "横浜市神奈川区 羽沢町","C152.110": "横浜市神奈川区 羽沢南","C152.111": "横浜市神奈川区 橋本町","C152.112": "横浜市神奈川区 東神奈川","C152.113": "横浜市神奈川区 平川町","C152.114": "横浜市神奈川区 広台太田町","C152.115": "横浜市神奈川区 二ツ谷町","C152.116": "横浜市神奈川区 星野町","C152.117": "横浜市神奈川区 松ケ丘","C152.118": "横浜市神奈川区 松見町","C152.119": "横浜市神奈川区 松本町","C152.120": "横浜市神奈川区 瑞穂町","C152.121": "横浜市神奈川区 三ツ沢上町","C152.122": "横浜市神奈川区 三ツ沢下町","C152.123": "横浜市神奈川区 三ツ沢中町","C152.124": "横浜市神奈川区 三ツ沢西町","C152.125": "横浜市神奈川区 三ツ沢東町","C152.126": "横浜市神奈川区 三ツ沢南町","C152.127": "横浜市神奈川区 守屋町","C152.128": "横浜市神奈川区 山内町","C152.129": "横浜市神奈川区 六角橋","C152.130": "横浜市西区 赤門町","C152.131": "横浜市西区 東ケ丘","C152.132": "横浜市西区 伊勢町","C152.133": "横浜市西区 老松町","C152.134": "横浜市西区 岡野","C152.135": "横浜市西区 霞ケ丘","C152.136": "横浜市西区 北軽井沢","C152.137": "横浜市西区 北幸","C152.138": "横浜市西区 楠町","C152.139": "横浜市西区 久保町","C152.140": "横浜市西区 御所山町","C152.141": "横浜市西区 境之谷","C152.142": "横浜市西区 桜木町","C152.143": "横浜市西区 浅間台","C152.144": "横浜市西区 浅間町","C152.145": "横浜市西区 高島","C152.146": "横浜市西区 中央","C152.147": "横浜市西区 戸部町","C152.148": "横浜市西区 戸部本町","C152.149": "横浜市西区 西戸部町","C152.150": "横浜市西区 西平沼町","C152.151": "横浜市西区 西前町","C152.152": "横浜市西区 花咲町","C152.153": "横浜市西区 浜松町","C152.154": "横浜市西区 東久保町","C152.155": "横浜市西区 平沼","C152.156": "横浜市西区 藤棚町","C152.157": "横浜市西区 緑町","C152.158": "横浜市西区 みなとみらい","C152.159": "横浜市西区 南軽井沢","C152.160": "横浜市西区 南幸","C152.161": "横浜市西区 南浅間町","C152.162": "横浜市西区 宮ケ谷","C152.163": "横浜市西区 宮崎町","C152.164": "横浜市西区 元久保町","C152.165": "横浜市西区 紅葉ケ丘","C152.166": "横浜市中区 相生町","C152.167": "横浜市中区 赤門町","C152.168": "横浜市中区 曙町","C152.169": "横浜市中区 池袋","C152.170": "横浜市中区 石川町","C152.171": "横浜市中区 伊勢佐木町","C152.172": "横浜市中区 上野町","C152.173": "横浜市中区 打越","C152.174": "横浜市中区 内田町","C152.175": "横浜市中区 扇町","C152.176": "横浜市中区 大芝台","C152.177": "横浜市中区 太田町","C152.178": "横浜市中区 大平町","C152.179": "横浜市中区 翁町","C152.180": "横浜市中区 尾上町","C152.181": "横浜市中区 海岸通","C152.182": "横浜市中区 柏葉","C152.183": "横浜市中区 かもめ町","C152.184": "横浜市中区 北方町","C152.185": "横浜市中区 北仲通","C152.186": "横浜市中区 黄金町","C152.187": "横浜市中区 寿町","C152.188": "横浜市中区 小港町","C152.189": "横浜市中区 鷺山","C152.190": "横浜市中区 桜木町","C152.191": "横浜市中区 新港","C152.192": "横浜市中区 新山下","C152.193": "横浜市中区 末広町","C152.194": "横浜市中区 末吉町","C152.195": "横浜市中区 住吉町","C152.196": "横浜市中区 諏訪町","C152.197": "横浜市中区 滝之上","C152.198": "横浜市中区 竹之丸","C152.199": "横浜市中区 立野","C152.200": "横浜市中区 千歳町","C152.201": "横浜市中区 千鳥町","C152.202": "横浜市中区 長者町","C152.203": "横浜市中区 千代崎町","C152.204": "横浜市中区 塚越","C152.205": "横浜市中区 寺久保","C152.206": "横浜市中区 常盤町","C152.207": "横浜市中区 豊浦町","C152.208": "横浜市中区 仲尾台","C152.209": "横浜市中区 錦町","C152.210": "横浜市中区 西竹之丸","C152.211": "横浜市中区 西之谷町","C152.212": "横浜市中区 日本大通","C152.213": "横浜市中区 根岸旭台","C152.214": "横浜市中区 根岸加曽台","C152.215": "横浜市中区 根岸台","C152.216": "横浜市中区 根岸町","C152.217": "横浜市中区 野毛町","C152.218": "横浜市中区 羽衣町","C152.219": "横浜市中区 初音町","C152.220": "横浜市中区 花咲町","C152.221": "横浜市中区 英町","C152.222": "横浜市中区 万代町","C152.223": "横浜市中区 日ノ出町","C152.224": "横浜市中区 福富町仲通","C152.225": "横浜市中区 福富町西通","C152.226": "横浜市中区 福富町東通","C152.227": "横浜市中区 富士見町","C152.228": "横浜市中区 不老町","C152.229": "横浜市中区 弁天通","C152.230": "横浜市中区 蓬莱町","C152.231": "横浜市中区 本郷町","C152.232": "横浜市中区 本町","C152.233": "横浜市中区 本牧荒井","C152.234": "横浜市中区 本牧大里町","C152.235": "横浜市中区 本牧三之谷","C152.236": "横浜市中区 本牧十二天","C152.237": "横浜市中区 本牧町","C152.238": "横浜市中区 本牧原","C152.239": "横浜市中区 本牧ふ頭","C152.240": "横浜市中区 本牧間門","C152.241": "横浜市中区 本牧満坂","C152.242": "横浜市中区 本牧緑ケ丘","C152.243": "横浜市中区 本牧宮原","C152.244": "横浜市中区 本牧元町","C152.245": "横浜市中区 本牧和田","C152.246": "横浜市中区 真砂町","C152.247": "横浜市中区 松影町","C152.248": "横浜市中区 豆口台","C152.249": "横浜市中区 港町","C152.250": "横浜市中区 南仲通","C152.251": "横浜市中区 南本牧","C152.252": "横浜市中区 簑沢","C152.253": "横浜市中区 宮川町","C152.254": "横浜市中区 妙香寺台","C152.255": "横浜市中区 三吉町","C152.256": "横浜市中区 麦田町","C152.257": "横浜市中区 元浜町","C152.258": "横浜市中区 元町","C152.259": "横浜市中区 矢口台","C152.260": "横浜市中区 山下町","C152.261": "横浜市中区 山田町","C152.262": "横浜市中区 山手町","C152.263": "横浜市中区 大和町","C152.264": "横浜市中区 山吹町","C152.265": "横浜市中区 山元町","C152.266": "横浜市中区 弥生町","C152.267": "横浜市中区 横浜公園","C152.268": "横浜市中区 吉田町","C152.269": "横浜市中区 吉浜町","C152.270": "横浜市中区 若葉町","C152.271": "横浜市中区 和田山","C152.272": "横浜市南区 井土ケ谷上町","C152.273": "横浜市南区 井土ケ谷下町","C152.274": "横浜市南区 井土ケ谷中町","C152.275": "横浜市南区 浦舟町","C152.276": "横浜市南区 永楽町","C152.277": "横浜市南区 榎町","C152.278": "横浜市南区 大岡","C152.279": "横浜市南区 大橋町","C152.280": "横浜市南区 庚台","C152.281": "横浜市南区 唐沢","C152.282": "横浜市南区 共進町","C152.283": "横浜市南区 弘明寺町","C152.284": "横浜市南区 山王町","C152.285": "横浜市南区 山谷","C152.286": "横浜市南区 清水ケ丘","C152.287": "横浜市南区 宿町","C152.288": "横浜市南区 白金町","C152.289": "横浜市南区 白妙町","C152.290": "横浜市南区 新川町","C152.291": "横浜市南区 高砂町","C152.292": "横浜市南区 高根町","C152.293": "横浜市南区 通町","C152.294": "横浜市南区 中里","C152.295": "横浜市南区 中里町","C152.296": "横浜市南区 中島町","C152.297": "横浜市南区 永田北","C152.298": "横浜市南区 永田山王台","C152.299": "横浜市南区 永田台","C152.300": "横浜市南区 永田東"}}