{"ja-JP": {"C154.1": "横浜市瀬谷区 北新","C154.2": "横浜市瀬谷区 北町","C154.3": "横浜市瀬谷区 五貫目町","C154.4": "横浜市瀬谷区 下瀬谷","C154.5": "横浜市瀬谷区 瀬谷","C154.6": "横浜市瀬谷区 瀬谷町","C154.7": "横浜市瀬谷区 竹村町","C154.8": "横浜市瀬谷区 中央","C154.9": "横浜市瀬谷区 中屋敷","C154.10": "横浜市瀬谷区 橋戸","C154.11": "横浜市瀬谷区 二ツ橋町","C154.12": "横浜市瀬谷区 本郷","C154.13": "横浜市瀬谷区 三ツ境","C154.14": "横浜市瀬谷区 南瀬谷","C154.15": "横浜市瀬谷区 南台","C154.16": "横浜市瀬谷区 宮沢","C154.17": "横浜市瀬谷区 目黒町","C154.18": "横浜市栄区 飯島町","C154.19": "横浜市栄区 犬山町","C154.20": "横浜市栄区 尾月","C154.21": "横浜市栄区 笠間","C154.22": "横浜市栄区 鍛冶ケ谷","C154.23": "横浜市栄区 鍛冶ケ谷町","C154.24": "横浜市栄区 桂台北","C154.25": "横浜市栄区 桂台中","C154.26": "横浜市栄区 桂台西","C154.27": "横浜市栄区 桂台東","C154.28": "横浜市栄区 桂台南","C154.29": "横浜市栄区 桂町","C154.30": "横浜市栄区 金井町","C154.31": "横浜市栄区 上郷町","C154.32": "横浜市栄区 上之町","C154.33": "横浜市栄区 亀井町","C154.34": "横浜市栄区 公田町","C154.35": "横浜市栄区 小菅ケ谷","C154.36": "横浜市栄区 小菅ケ谷町","C154.37": "横浜市栄区 小山台","C154.38": "横浜市栄区 庄戸","C154.39": "横浜市栄区 田谷町","C154.40": "横浜市栄区 長尾台町","C154.41": "横浜市栄区 長倉町","C154.42": "横浜市栄区 長沼町","C154.43": "横浜市栄区 中野町","C154.44": "横浜市栄区 野七里","C154.45": "横浜市栄区 柏陽","C154.46": "横浜市栄区 東上郷町","C154.47": "横浜市栄区 本郷台","C154.48": "横浜市栄区 元大橋","C154.49": "横浜市栄区 若竹町","C154.50": "横浜市泉区 池の谷","C154.51": "横浜市泉区 和泉が丘","C154.52": "横浜市泉区 和泉中央南","C154.53": "横浜市泉区 和泉町","C154.54": "横浜市泉区 岡津町","C154.55": "横浜市泉区 桂坂","C154.56": "横浜市泉区 上飯田町","C154.57": "横浜市泉区 下飯田町","C154.58": "横浜市泉区 下和泉","C154.59": "横浜市泉区 白百合","C154.60": "横浜市泉区 新橋町","C154.61": "横浜市泉区 中田北","C154.62": "横浜市泉区 中田町","C154.63": "横浜市泉区 中田西","C154.64": "横浜市泉区 中田東","C154.65": "横浜市泉区 中田南","C154.66": "横浜市泉区 西が岡","C154.67": "横浜市泉区 弥生台","C154.68": "横浜市泉区 領家","C154.69": "横浜市泉区 緑園","C154.70": "横浜市青葉区 青葉台","C154.71": "横浜市青葉区 あかね台","C154.72": "横浜市青葉区 あざみ野","C154.73": "横浜市青葉区 あざみ野南","C154.74": "横浜市青葉区 市ケ尾町","C154.75": "横浜市青葉区 美しが丘","C154.76": "横浜市青葉区 美しが丘西","C154.77": "横浜市青葉区 梅が丘","C154.78": "横浜市青葉区 荏子田","C154.79": "横浜市青葉区 荏田北","C154.80": "横浜市青葉区 荏田町","C154.81": "横浜市青葉区 荏田西","C154.82": "横浜市青葉区 榎が丘","C154.83": "横浜市青葉区 大場町","C154.84": "横浜市青葉区 恩田町","C154.85": "横浜市青葉区 柿の木台","C154.86": "横浜市青葉区 桂台","C154.87": "横浜市青葉区 上谷本町","C154.88": "横浜市青葉区 鴨志田町","C154.89": "横浜市青葉区 鉄町","C154.90": "横浜市青葉区 黒須田","C154.91": "横浜市青葉区 桜台","C154.92": "横浜市青葉区 さつきが丘","C154.93": "横浜市青葉区 寺家町","C154.94": "横浜市青葉区 下谷本町","C154.95": "横浜市青葉区 しらとり台","C154.96": "横浜市青葉区 新石川","C154.97": "横浜市青葉区 すすき野","C154.98": "横浜市青葉区 すみよし台","C154.99": "横浜市青葉区 たちばな台","C154.100": "横浜市青葉区 田奈町","C154.101": "横浜市青葉区 千草台","C154.102": "横浜市青葉区 つつじが丘","C154.103": "横浜市青葉区 奈良","C154.104": "横浜市青葉区 奈良町","C154.105": "横浜市青葉区 成合町","C154.106": "横浜市青葉区 藤が丘","C154.107": "横浜市青葉区 松風台","C154.108": "横浜市青葉区 みすずが丘","C154.109": "横浜市青葉区 みたけ台","C154.110": "横浜市青葉区 緑山","C154.111": "横浜市青葉区 もえぎ野","C154.112": "横浜市青葉区 元石川町","C154.113": "横浜市青葉区 もみの木台","C154.114": "横浜市青葉区 若草台","C154.115": "横浜市都筑区 あゆみが丘","C154.116": "横浜市都筑区 池辺町","C154.117": "横浜市都筑区 牛久保","C154.118": "横浜市都筑区 牛久保町","C154.119": "横浜市都筑区 牛久保西","C154.120": "横浜市都筑区 牛久保東","C154.121": "横浜市都筑区 荏田東","C154.122": "横浜市都筑区 荏田東町","C154.123": "横浜市都筑区 荏田南","C154.124": "横浜市都筑区 荏田南町","C154.125": "横浜市都筑区 大熊町","C154.126": "横浜市都筑区 大棚町","C154.127": "横浜市都筑区 大棚西","C154.128": "横浜市都筑区 大丸","C154.129": "横浜市都筑区 折本町","C154.130": "横浜市都筑区 加賀原","C154.131": "横浜市都筑区 勝田町","C154.132": "横浜市都筑区 勝田南","C154.133": "横浜市都筑区 川向町","C154.134": "横浜市都筑区 川和台","C154.135": "横浜市都筑区 川和町","C154.136": "横浜市都筑区 北山田","C154.137": "横浜市都筑区 葛が谷","C154.138": "横浜市都筑区 佐江戸町","C154.139": "横浜市都筑区 桜並木","C154.140": "横浜市都筑区 新栄町","C154.141": "横浜市都筑区 すみれが丘","C154.142": "横浜市都筑区 高山","C154.143": "横浜市都筑区 茅ケ崎中央","C154.144": "横浜市都筑区 茅ケ崎町","C154.145": "横浜市都筑区 茅ケ崎東","C154.146": "横浜市都筑区 茅ケ崎南","C154.147": "横浜市都筑区 中川","C154.148": "横浜市都筑区 中川中央","C154.149": "横浜市都筑区 長坂","C154.150": "横浜市都筑区 仲町台","C154.151": "横浜市都筑区 二の丸","C154.152": "横浜市都筑区 早渕","C154.153": "横浜市都筑区 東方町","C154.154": "横浜市都筑区 東山田","C154.155": "横浜市都筑区 東山田町","C154.156": "横浜市都筑区 平台","C154.157": "横浜市都筑区 富士見が丘","C154.158": "横浜市都筑区 南山田","C154.159": "横浜市都筑区 南山田町","C154.160": "横浜市都筑区 見花山","C154.161": "川崎市川崎区 浅田","C154.162": "川崎市川崎区 浅野町","C154.163": "川崎市川崎区 旭町","C154.164": "川崎市川崎区 池上新町","C154.165": "川崎市川崎区 池上町","C154.166": "川崎市川崎区 池田","C154.167": "川崎市川崎区 砂子","C154.168": "川崎市川崎区 伊勢町","C154.169": "川崎市川崎区 浮島町","C154.170": "川崎市川崎区 江川","C154.171": "川崎市川崎区 駅前本町","C154.172": "川崎市川崎区 榎町","C154.173": "川崎市川崎区 追分町","C154.174": "川崎市川崎区 扇町","C154.175": "川崎市川崎区 大川町","C154.176": "川崎市川崎区 扇島","C154.177": "川崎市川崎区 大島","C154.178": "川崎市川崎区 大島上町","C154.179": "川崎市川崎区 小川町","C154.180": "川崎市川崎区 小田","C154.181": "川崎市川崎区 小田栄","C154.182": "川崎市川崎区 貝塚","C154.183": "川崎市川崎区 川中島","C154.184": "川崎市川崎区 観音","C154.185": "川崎市川崎区 京町","C154.186": "川崎市川崎区 鋼管通","C154.187": "川崎市川崎区 小島町","C154.188": "川崎市川崎区 境町","C154.189": "川崎市川崎区 桜本","C154.190": "川崎市川崎区 塩浜","C154.191": "川崎市川崎区 下並木","C154.192": "川崎市川崎区 昭和","C154.193": "川崎市川崎区 白石町","C154.194": "川崎市川崎区 新川通","C154.195": "川崎市川崎区 鈴木町","C154.196": "川崎市川崎区 大師駅前","C154.197": "川崎市川崎区 大師河原","C154.198": "川崎市川崎区 大師公園","C154.199": "川崎市川崎区 大師本町","C154.200": "川崎市川崎区 大師町","C154.201": "川崎市川崎区 台町","C154.202": "川崎市川崎区 田島町","C154.203": "川崎市川崎区 田辺新田","C154.204": "川崎市川崎区 田町","C154.205": "川崎市川崎区 千鳥町","C154.206": "川崎市川崎区 堤根","C154.207": "川崎市川崎区 出来野","C154.208": "川崎市川崎区 殿町","C154.209": "川崎市川崎区 中島","C154.210": "川崎市川崎区 中瀬","C154.211": "川崎市川崎区 日進町","C154.212": "川崎市川崎区 浜町","C154.213": "川崎市川崎区 東扇島","C154.214": "川崎市川崎区 東田町","C154.215": "川崎市川崎区 東門前","C154.216": "川崎市川崎区 日ノ出","C154.217": "川崎市川崎区 藤崎","C154.218": "川崎市川崎区 富士見","C154.219": "川崎市川崎区 堀之内町","C154.220": "川崎市川崎区 本町","C154.221": "川崎市川崎区 水江町","C154.222": "川崎市川崎区 港町","C154.223": "川崎市川崎区 南町","C154.224": "川崎市川崎区 南渡田町","C154.225": "川崎市川崎区 宮前町","C154.226": "川崎市川崎区 宮本町","C154.227": "川崎市川崎区 元木","C154.228": "川崎市川崎区 夜光","C154.229": "川崎市川崎区 四谷上町","C154.230": "川崎市川崎区 四谷下町","C154.231": "川崎市川崎区 渡田","C154.232": "川崎市川崎区 渡田山王町","C154.233": "川崎市川崎区 渡田新町","C154.234": "川崎市川崎区 渡田東町","C154.235": "川崎市川崎区 渡田向町","C154.236": "川崎市幸区 遠藤町","C154.237": "川崎市幸区 大宮町","C154.238": "川崎市幸区 小倉","C154.239": "川崎市幸区 鹿島田","C154.240": "川崎市幸区 河原町","C154.241": "川崎市幸区 北加瀬","C154.242": "川崎市幸区 小向町","C154.243": "川崎市幸区 小向東芝町","C154.244": "川崎市幸区 小向仲野町","C154.245": "川崎市幸区 小向西町","C154.246": "川崎市幸区 紺屋町","C154.247": "川崎市幸区 幸町","C154.248": "川崎市幸区 下平間","C154.249": "川崎市幸区 新小倉","C154.250": "川崎市幸区 新川崎","C154.251": "川崎市幸区 新塚越","C154.252": "川崎市幸区 神明町","C154.253": "川崎市幸区 塚越","C154.254": "川崎市幸区 戸手","C154.255": "川崎市幸区 戸手本町","C154.256": "川崎市幸区 中幸町","C154.257": "川崎市幸区 東小倉","C154.258": "川崎市幸区 東古市場","C154.259": "川崎市幸区 古市場","C154.260": "川崎市幸区 古川町","C154.261": "川崎市幸区 堀川町","C154.262": "川崎市幸区 南加瀬","C154.263": "川崎市幸区 南幸町","C154.264": "川崎市幸区 都町","C154.265": "川崎市幸区 矢上","C154.266": "川崎市幸区 柳町","C154.267": "川崎市中原区 井田","C154.268": "川崎市中原区 井田三舞町","C154.269": "川崎市中原区 井田杉山町","C154.270": "川崎市中原区 井田中ノ町","C154.271": "川崎市中原区 市ノ坪","C154.272": "川崎市中原区 今井上町","C154.273": "川崎市中原区 今井仲町","C154.274": "川崎市中原区 今井西町","C154.275": "川崎市中原区 今井南町","C154.276": "川崎市中原区 大倉町","C154.277": "川崎市中原区 上小田中","C154.278": "川崎市中原区 上新城","C154.279": "川崎市中原区 上平間","C154.280": "川崎市中原区 上丸子","C154.281": "川崎市中原区 上丸子山王町","C154.282": "川崎市中原区 上丸子天神町","C154.283": "川崎市中原区 上丸子八幡町","C154.284": "川崎市中原区 苅宿","C154.285": "川崎市中原区 北谷町","C154.286": "川崎市中原区 木月","C154.287": "川崎市中原区 木月伊勢町","C154.288": "川崎市中原区 木月大町","C154.289": "川崎市中原区 木月祗園町","C154.290": "川崎市中原区 木月住吉町","C154.291": "川崎市中原区 小杉","C154.292": "川崎市中原区 小杉御殿町","C154.293": "川崎市中原区 小杉陣屋町","C154.294": "川崎市中原区 小杉町","C154.295": "川崎市中原区 下小田中","C154.296": "川崎市中原区 下新城","C154.297": "川崎市中原区 下沼部","C154.298": "川崎市中原区 新城","C154.299": "川崎市中原区 新城中町","C154.300": "川崎市中原区 新丸子東"}}