{"ja-JP": {"C160.1": "新宿区 矢来町","C160.2": "新宿区 横寺町","C160.3": "新宿区 余丁町","C160.4": "新宿区 四谷","C160.5": "新宿区 若葉","C160.6": "新宿区 若松町","C160.7": "新宿区 若宮町","C160.8": "新宿区 早稲田鶴巻町","C160.9": "新宿区 早稲田町","C160.10": "新宿区 早稲田南町","C160.11": "文京区 大塚","C160.12": "文京区 音羽","C160.13": "文京区 春日","C160.14": "文京区 小石川","C160.15": "文京区 後楽","C160.16": "文京区 小日向","C160.17": "文京区 水道","C160.18": "文京区 関口","C160.19": "文京区 千石","C160.20": "文京区 千駄木","C160.21": "文京区 西片","C160.22": "文京区 根津","C160.23": "文京区 白山","C160.24": "文京区 本郷","C160.25": "文京区 本駒込","C160.26": "文京区 向丘","C160.27": "文京区 目白台","C160.28": "文京区 弥生","C160.29": "文京区 湯島","C160.30": "台東区 秋葉原","C160.31": "台東区 浅草","C160.32": "台東区 浅草橋","C160.33": "台東区 池之端","C160.34": "台東区 今戸","C160.35": "台東区 入谷","C160.36": "台東区 上野","C160.37": "台東区 上野公園","C160.38": "台東区 上野桜木","C160.39": "台東区 雷門","C160.40": "台東区 北上野","C160.41": "台東区 清川","C160.42": "台東区 蔵前","C160.43": "台東区 小島","C160.44": "台東区 寿","C160.45": "台東区 駒形","C160.46": "台東区 下谷","C160.47": "台東区 千束","C160.48": "台東区 台東","C160.49": "台東区 鳥越","C160.50": "台東区 西浅草","C160.51": "台東区 日本堤","C160.52": "台東区 根岸","C160.53": "台東区 橋場","C160.54": "台東区 花川戸","C160.55": "台東区 東浅草","C160.56": "台東区 東上野","C160.57": "台東区 松が谷","C160.58": "台東区 三筋","C160.59": "台東区 三ノ輪","C160.60": "台東区 元浅草","C160.61": "台東区 谷中","C160.62": "台東区 柳橋","C160.63": "台東区 竜泉","C160.64": "墨田区 吾妻橋","C160.65": "墨田区 石原","C160.66": "墨田区 押上","C160.67": "墨田区 亀沢","C160.68": "墨田区 菊川","C160.69": "墨田区 京島","C160.70": "墨田区 錦糸","C160.71": "墨田区 江東橋","C160.72": "墨田区 墨田","C160.73": "墨田区 太平","C160.74": "墨田区 立花","C160.75": "墨田区 立川","C160.76": "墨田区 千歳","C160.77": "墨田区 堤通","C160.78": "墨田区 業平","C160.79": "墨田区 東駒形","C160.80": "墨田区 東墨田","C160.81": "墨田区 東向島","C160.82": "墨田区 文花","C160.83": "墨田区 本所","C160.84": "墨田区 緑","C160.85": "墨田区 向島","C160.86": "墨田区 八広","C160.87": "墨田区 横網","C160.88": "墨田区 横川","C160.89": "墨田区 両国","C160.90": "江東区 青海","C160.91": "江東区 有明","C160.92": "江東区 石島","C160.93": "江東区 海辺","C160.94": "江東区 永代","C160.95": "江東区 枝川","C160.96": "江東区 越中島","C160.97": "江東区 扇橋","C160.98": "江東区 大島","C160.99": "江東区 亀戸","C160.100": "江東区 北砂","C160.101": "江東区 木場","C160.102": "江東区 清澄","C160.103": "江東区 佐賀","C160.104": "江東区 猿江","C160.105": "江東区 塩浜","C160.106": "江東区 潮見","C160.107": "江東区 東雲","C160.108": "江東区 白河","C160.109": "江東区 新大橋","C160.110": "江東区 新木場","C160.111": "江東区 新砂","C160.112": "江東区 住吉","C160.113": "江東区 千石","C160.114": "江東区 千田","C160.115": "江東区 高橋","C160.116": "江東区 辰巳","C160.117": "江東区 中央防波堤","C160.118": "江東区 東陽","C160.119": "江東区 常盤","C160.120": "江東区 富岡","C160.121": "江東区 豊洲","C160.122": "江東区 東砂","C160.123": "江東区 平野","C160.124": "江東区 深川","C160.125": "江東区 福住","C160.126": "江東区 冬木","C160.127": "江東区 古石場","C160.128": "江東区 牡丹","C160.129": "江東区 南砂","C160.130": "江東区 三好","C160.131": "江東区 毛利","C160.132": "江東区 森下","C160.133": "江東区 門前仲町","C160.134": "江東区 夢の島","C160.135": "江東区 若洲","C160.136": "品川区 荏原","C160.137": "品川区 大井","C160.138": "品川区 大崎","C160.139": "品川区 勝島","C160.140": "品川区 上大崎","C160.141": "品川区 北品川","C160.142": "品川区 小山","C160.143": "品川区 小山台","C160.144": "品川区 戸越","C160.145": "品川区 中延","C160.146": "品川区 西大井","C160.147": "品川区 西五反田","C160.148": "品川区 西品川","C160.149": "品川区 西中延","C160.150": "品川区 旗の台","C160.151": "品川区 東大井","C160.152": "品川区 東五反田","C160.153": "品川区 東品川","C160.154": "品川区 東中延","C160.155": "品川区 東八潮","C160.156": "品川区 平塚","C160.157": "品川区 広町","C160.158": "品川区 二葉","C160.159": "品川区 南大井","C160.160": "品川区 南品川","C160.161": "品川区 八潮","C160.162": "品川区 豊町","C160.163": "目黒区 青葉台","C160.164": "目黒区 大岡山","C160.165": "目黒区 大橋","C160.166": "目黒区 柿の木坂","C160.167": "目黒区 上目黒","C160.168": "目黒区 五本木","C160.169": "目黒区 駒場","C160.170": "目黒区 下目黒","C160.171": "目黒区 自由が丘","C160.172": "目黒区 洗足","C160.173": "目黒区 平町","C160.174": "目黒区 鷹番","C160.175": "目黒区 中央町","C160.176": "目黒区 中町","C160.177": "目黒区 中根","C160.178": "目黒区 中目黒","C160.179": "目黒区 原町","C160.180": "目黒区 東が丘","C160.181": "目黒区 東山","C160.182": "目黒区 碑文谷","C160.183": "目黒区 三田","C160.184": "目黒区 緑が丘","C160.185": "目黒区 南","C160.186": "目黒区 目黒","C160.187": "目黒区 目黒本町","C160.188": "目黒区 八雲","C160.189": "目黒区 祐天寺","C160.190": "大田区 池上","C160.191": "大田区 石川町","C160.192": "大田区 鵜の木","C160.193": "大田区 大森北","C160.194": "大田区 大森中","C160.195": "大田区 大森西","C160.196": "大田区 大森東","C160.197": "大田区 大森本町","C160.198": "大田区 大森南","C160.199": "大田区 蒲田","C160.200": "大田区 蒲田本町","C160.201": "大田区 上池台","C160.202": "大田区 北糀谷","C160.203": "大田区 北千束","C160.204": "大田区 北馬込","C160.205": "大田区 北嶺町","C160.206": "大田区 久が原","C160.207": "大田区 京浜島","C160.208": "大田区 山王","C160.209": "大田区 下丸子","C160.210": "大田区 城南島","C160.211": "大田区 昭和島","C160.212": "大田区 新蒲田","C160.213": "大田区 多摩川","C160.214": "大田区 千鳥","C160.215": "大田区 中央","C160.216": "大田区 田園調布","C160.217": "大田区 田園調布本町","C160.218": "大田区 田園調布南","C160.219": "大田区 東海","C160.220": "大田区 仲池上","C160.221": "大田区 中馬込","C160.222": "大田区 仲六郷","C160.223": "大田区 西蒲田","C160.224": "大田区 西糀谷","C160.225": "大田区 西馬込","C160.226": "大田区 西嶺町","C160.227": "大田区 西六郷","C160.228": "大田区 萩中","C160.229": "大田区 羽田","C160.230": "大田区 羽田旭町","C160.231": "大田区 羽田空港","C160.232": "大田区 東蒲田","C160.233": "大田区 東糀谷","C160.234": "大田区 東馬込","C160.235": "大田区 東嶺町","C160.236": "大田区 東矢口","C160.237": "大田区 東雪谷","C160.238": "大田区 東六郷","C160.239": "大田区 ふるさとの浜辺公園","C160.240": "大田区 平和島","C160.241": "大田区 平和の森公園","C160.242": "大田区 本羽田","C160.243": "大田区 南蒲田","C160.244": "大田区 南久が原","C160.245": "大田区 南千束","C160.246": "大田区 南馬込","C160.247": "大田区 南雪谷","C160.248": "大田区 南六郷","C160.249": "大田区 矢口","C160.250": "大田区 雪谷大塚町","C160.251": "世田谷区 赤堤","C160.252": "世田谷区 池尻","C160.253": "世田谷区 宇奈根","C160.254": "世田谷区 梅丘","C160.255": "世田谷区 大蔵","C160.256": "世田谷区 大原","C160.257": "世田谷区 岡本","C160.258": "世田谷区 奥沢","C160.259": "世田谷区 尾山台","C160.260": "世田谷区 粕谷","C160.261": "世田谷区 鎌田","C160.262": "世田谷区 上馬","C160.263": "世田谷区 上北沢","C160.264": "世田谷区 上祖師谷","C160.265": "世田谷区 上野毛","C160.266": "世田谷区 上用賀","C160.267": "世田谷区 北烏山","C160.268": "世田谷区 北沢","C160.269": "世田谷区 喜多見","C160.270": "世田谷区 砧","C160.271": "世田谷区 砧公園","C160.272": "世田谷区 給田","C160.273": "世田谷区 経堂","C160.274": "世田谷区 豪徳寺","C160.275": "世田谷区 駒沢","C160.276": "世田谷区 駒沢公園","C160.277": "世田谷区 桜","C160.278": "世田谷区 桜丘","C160.279": "世田谷区 桜上水","C160.280": "世田谷区 桜新町","C160.281": "世田谷区 三軒茶屋","C160.282": "世田谷区 下馬","C160.283": "世田谷区 新町","C160.284": "世田谷区 成城","C160.285": "世田谷区 瀬田","C160.286": "世田谷区 世田谷","C160.287": "世田谷区 祖師谷","C160.288": "世田谷区 代沢","C160.289": "世田谷区 太子堂","C160.290": "世田谷区 代田","C160.291": "世田谷区 玉川","C160.292": "世田谷区 玉川台","C160.293": "世田谷区 玉川田園調布","C160.294": "世田谷区 玉堤","C160.295": "世田谷区 千歳台","C160.296": "世田谷区 弦巻","C160.297": "世田谷区 等々力","C160.298": "世田谷区 中町","C160.299": "世田谷区 野毛","C160.300": "世田谷区 野沢"}}