{"ja-JP": {"C164.1": "東大和市 仲原","C164.2": "東大和市 奈良橋","C164.3": "東大和市 南街","C164.4": "東大和市 向原","C164.5": "清瀬市 旭が丘","C164.6": "清瀬市 梅園","C164.7": "清瀬市 上清戸","C164.8": "清瀬市 下宿","C164.9": "清瀬市 下清戸","C164.10": "清瀬市 竹丘","C164.11": "清瀬市 中清戸","C164.12": "清瀬市 中里","C164.13": "清瀬市 野塩","C164.14": "清瀬市 松山","C164.15": "清瀬市 元町","C164.16": "東久留米市 上の原","C164.17": "東久留米市 学園町","C164.18": "東久留米市 金山町","C164.19": "東久留米市 小山","C164.20": "東久留米市 幸町","C164.21": "東久留米市 下里","C164.22": "東久留米市 新川町","C164.23": "東久留米市 神宝町","C164.24": "東久留米市 浅間町","C164.25": "東久留米市 大門町","C164.26": "東久留米市 滝山","C164.27": "東久留米市 中央町","C164.28": "東久留米市 野火止","C164.29": "東久留米市 八幡町","C164.30": "東久留米市 東本町","C164.31": "東久留米市 氷川台","C164.32": "東久留米市 ひばりが丘団地","C164.33": "東久留米市 本町","C164.34": "東久留米市 前沢","C164.35": "東久留米市 南沢","C164.36": "東久留米市 南町","C164.37": "東久留米市 柳窪","C164.38": "東久留米市 弥生","C164.39": "武蔵村山市 伊奈平","C164.40": "武蔵村山市 榎","C164.41": "武蔵村山市 大南","C164.42": "武蔵村山市 学園","C164.43": "武蔵村山市 岸","C164.44": "武蔵村山市 残堀","C164.45": "武蔵村山市 神明","C164.46": "武蔵村山市 中央","C164.47": "武蔵村山市 中藤","C164.48": "武蔵村山市 中原","C164.49": "武蔵村山市 本町","C164.50": "武蔵村山市 三ツ木","C164.51": "武蔵村山市 三ツ藤","C164.52": "武蔵村山市 緑が丘","C164.53": "多摩市 愛宕","C164.54": "多摩市 一ノ宮","C164.55": "多摩市 落合","C164.56": "多摩市 落川","C164.57": "多摩市 貝取","C164.58": "多摩市 唐木田","C164.59": "多摩市 乞田","C164.60": "多摩市 桜ヶ丘","C164.61": "多摩市 山王下","C164.62": "多摩市 諏訪","C164.63": "多摩市 関戸","C164.64": "多摩市 鶴牧","C164.65": "多摩市 豊ヶ丘","C164.66": "多摩市 中沢","C164.67": "多摩市 永山","C164.68": "多摩市 東寺方","C164.69": "多摩市 聖ヶ丘","C164.70": "多摩市 馬引沢","C164.71": "多摩市 南野","C164.72": "多摩市 百草","C164.73": "多摩市 連光寺","C164.74": "多摩市 和田","C164.75": "稲城市 大丸","C164.76": "稲城市 押立","C164.77": "稲城市 向陽台","C164.78": "稲城市 坂浜","C164.79": "稲城市 長峰","C164.80": "稲城市 東長沼","C164.81": "稲城市 平尾","C164.82": "稲城市 百村","C164.83": "稲城市 矢野口","C164.84": "稲城市 若葉台","C164.85": "羽村市 小作台","C164.86": "羽村市 川崎","C164.87": "羽村市 五ノ神","C164.88": "羽村市 栄町","C164.89": "羽村市 神明台","C164.90": "羽村市 玉川","C164.91": "羽村市 羽","C164.92": "羽村市 羽加美","C164.93": "羽村市 羽中","C164.94": "羽村市 羽西","C164.95": "羽村市 羽東","C164.96": "羽村市 富士見平","C164.97": "羽村市 双葉町","C164.98": "羽村市 緑ケ丘","C164.99": "あきる野市 秋川","C164.100": "あきる野市 秋留","C164.101": "あきる野市 網代","C164.102": "あきる野市 油平","C164.103": "あきる野市 雨間","C164.104": "あきる野市 五日市","C164.105": "あきる野市 伊奈","C164.106": "あきる野市 入野","C164.107": "あきる野市 上ノ台","C164.108": "あきる野市 牛沼","C164.109": "あきる野市 小川","C164.110": "あきる野市 小川東","C164.111": "あきる野市 乙津","C164.112": "あきる野市 上代継","C164.113": "あきる野市 切欠","C164.114": "あきる野市 草花","C164.115": "あきる野市 小中野","C164.116": "あきる野市 小峰台","C164.117": "あきる野市 小和田","C164.118": "あきる野市 三内","C164.119": "あきる野市 下代継","C164.120": "あきる野市 菅生","C164.121": "あきる野市 瀬戸岡","C164.122": "あきる野市 高尾","C164.123": "あきる野市 舘谷","C164.124": "あきる野市 舘谷台","C164.125": "あきる野市 戸倉","C164.126": "あきる野市 留原","C164.127": "あきる野市 二宮","C164.128": "あきる野市 二宮東","C164.129": "あきる野市 野辺","C164.130": "あきる野市 原小宮","C164.131": "あきる野市 引田","C164.132": "あきる野市 平沢","C164.133": "あきる野市 平沢西","C164.134": "あきる野市 平沢東","C164.135": "あきる野市 深沢","C164.136": "あきる野市 渕上","C164.137": "あきる野市 山田","C164.138": "あきる野市 養沢","C164.139": "あきる野市 横沢","C164.140": "西東京市 泉町","C164.141": "西東京市 北原町","C164.142": "西東京市 北町","C164.143": "西東京市 栄町","C164.144": "西東京市 芝久保町","C164.145": "西東京市 下保谷","C164.146": "西東京市 新町","C164.147": "西東京市 住吉町","C164.148": "西東京市 田無町","C164.149": "西東京市 中町","C164.150": "西東京市 西原町","C164.151": "西東京市 東町","C164.152": "西東京市 東伏見","C164.153": "西東京市 ひばりが丘","C164.154": "西東京市 ひばりが丘北","C164.155": "西東京市 富士町","C164.156": "西東京市 保谷町","C164.157": "西東京市 緑町","C164.158": "西東京市 南町","C164.159": "西東京市 向台町","C164.160": "西東京市 柳沢","C164.161": "西東京市 谷戸町","C164.162": "西多摩郡瑞穂町 石畑","C164.163": "西多摩郡瑞穂町 駒形富士山","C164.164": "西多摩郡瑞穂町 高根","C164.165": "西多摩郡瑞穂町 殿ケ谷","C164.166": "西多摩郡瑞穂町 長岡","C164.167": "西多摩郡瑞穂町 長岡下師岡","C164.168": "西多摩郡瑞穂町 長岡長谷部","C164.169": "西多摩郡瑞穂町 長岡藤橋","C164.170": "西多摩郡瑞穂町 二本木","C164.171": "西多摩郡瑞穂町 箱根ケ崎","C164.172": "西多摩郡瑞穂町 箱根ケ崎西松原","C164.173": "西多摩郡瑞穂町 箱根ケ崎東松原","C164.174": "西多摩郡瑞穂町 富士山栗原新田","C164.175": "西多摩郡瑞穂町 南平","C164.176": "西多摩郡瑞穂町 武蔵","C164.177": "西多摩郡瑞穂町 むさし野","C164.178": "西多摩郡日の出町 大久野","C164.179": "西多摩郡日の出町 平井","C164.180": "西多摩郡檜原村 小沢","C164.181": "西多摩郡檜原村 数馬","C164.182": "西多摩郡檜原村 神戸","C164.183": "西多摩郡檜原村 上元郷","C164.184": "西多摩郡檜原村 倉掛","C164.185": "西多摩郡檜原村 下元郷","C164.186": "西多摩郡檜原村 南郷","C164.187": "西多摩郡檜原村 樋里","C164.188": "西多摩郡檜原村 藤原","C164.189": "西多摩郡檜原村 人里","C164.190": "西多摩郡檜原村 三都郷","C164.191": "西多摩郡檜原村 本宿","C164.192": "西多摩郡奥多摩町 海沢","C164.193": "西多摩郡奥多摩町 梅沢","C164.194": "西多摩郡奥多摩町 大丹波","C164.195": "西多摩郡奥多摩町 川井","C164.196": "西多摩郡奥多摩町 川野","C164.197": "西多摩郡奥多摩町 河内","C164.198": "西多摩郡奥多摩町 小丹波","C164.199": "西多摩郡奥多摩町 境","C164.200": "西多摩郡奥多摩町 白丸","C164.201": "西多摩郡奥多摩町 棚沢","C164.202": "西多摩郡奥多摩町 丹三郎","C164.203": "西多摩郡奥多摩町 留浦","C164.204": "西多摩郡奥多摩町 日原","C164.205": "西多摩郡奥多摩町 原","C164.206": "西多摩郡奥多摩町 氷川","C164.207": "大島町 岡田","C164.208": "大島町 差木地","C164.209": "大島町 泉津","C164.210": "大島町 野増","C164.211": "大島町 波浮港","C164.212": "大島町 元町","C164.213": "新島村 式根島","C164.214": "新島村 本村","C164.215": "新島村 若郷","C164.216": "三宅島三宅村 阿古","C164.217": "三宅島三宅村 伊ケ谷","C164.218": "三宅島三宅村 伊豆","C164.219": "三宅島三宅村 雄山","C164.220": "三宅島三宅村 神着","C164.221": "三宅島三宅村 坪田","C164.222": "八丈島八丈町 大賀郷","C164.223": "八丈島八丈町 樫立","C164.224": "八丈島八丈町 末吉","C164.225": "八丈島八丈町 中之郷","C164.226": "八丈島八丈町 三根","C164.227": "小笠原村 父島","C164.228": "小笠原村 母島","C164.229": "さいたま市西区 飯田","C164.230": "さいたま市西区 飯田新田","C164.231": "さいたま市西区 植田谷本","C164.232": "さいたま市西区 植田谷本村新田","C164.233": "さいたま市西区 内野本郷","C164.234": "さいたま市西区 指扇","C164.235": "さいたま市西区 指扇領辻","C164.236": "さいたま市西区 指扇領別所","C164.237": "さいたま市西区 佐知川","C164.238": "さいたま市西区 三条町","C164.239": "さいたま市西区 島根","C164.240": "さいたま市西区 昭和","C164.241": "さいたま市西区 清河寺","C164.242": "さいたま市西区 高木","C164.243": "さいたま市西区 塚本","C164.244": "さいたま市西区 塚本町","C164.245": "さいたま市西区 土屋","C164.246": "さいたま市西区 中釘","C164.247": "さいたま市西区 中野林","C164.248": "さいたま市西区 西遊馬","C164.249": "さいたま市西区 西新井","C164.250": "さいたま市西区 平方領々家","C164.251": "さいたま市西区 二ツ宮","C164.252": "さいたま市西区 プラザ","C164.253": "さいたま市西区 宝来","C164.254": "さいたま市西区 水判土","C164.255": "さいたま市西区 峰岸","C164.256": "さいたま市西区 三橋","C164.257": "さいたま市西区 宮前町","C164.258": "さいたま市西区 湯木町","C164.259": "さいたま市北区 植竹町","C164.260": "さいたま市北区 大成町","C164.261": "さいたま市北区 上加","C164.262": "さいたま市北区 櫛引町","C164.263": "さいたま市北区 今羽町","C164.264": "さいたま市北区 土呂町","C164.265": "さいたま市北区 奈良町","C164.266": "さいたま市北区 日進町","C164.267": "さいたま市北区 東大成町","C164.268": "さいたま市北区 別所町","C164.269": "さいたま市北区 本郷町","C164.270": "さいたま市北区 盆栽町","C164.271": "さいたま市北区 見沼","C164.272": "さいたま市北区 宮原町","C164.273": "さいたま市北区 吉野町","C164.274": "さいたま市大宮区 東町","C164.275": "さいたま市大宮区 天沼町","C164.276": "さいたま市大宮区 大成町","C164.277": "さいたま市大宮区 大原","C164.278": "さいたま市大宮区 上小町","C164.279": "さいたま市大宮区 吉敷町","C164.280": "さいたま市大宮区 北袋町","C164.281": "さいたま市大宮区 櫛引町","C164.282": "さいたま市大宮区 桜木町","C164.283": "さいたま市大宮区 下町","C164.284": "さいたま市大宮区 寿能町","C164.285": "さいたま市大宮区 浅間町","C164.286": "さいたま市大宮区 大門町","C164.287": "さいたま市大宮区 高鼻町","C164.288": "さいたま市大宮区 土手町","C164.289": "さいたま市大宮区 仲町","C164.290": "さいたま市大宮区 錦町","C164.291": "さいたま市大宮区 堀の内町","C164.292": "さいたま市大宮区 三橋","C164.293": "さいたま市大宮区 宮町","C164.294": "さいたま市見沼区 大谷","C164.295": "さいたま市見沼区 大和田町","C164.296": "さいたま市見沼区 卸町","C164.297": "さいたま市見沼区 加田屋","C164.298": "さいたま市見沼区 加田屋新田","C164.299": "さいたま市見沼区 片柳","C164.300": "さいたま市見沼区 片柳東"}}