{"ja-JP": {"C165.1": "さいたま市見沼区 上山口新田","C165.2": "さいたま市見沼区 小深作","C165.3": "さいたま市見沼区 笹丸","C165.4": "さいたま市見沼区 島町","C165.5": "さいたま市見沼区 新右エ門新田","C165.6": "さいたま市見沼区 砂町","C165.7": "さいたま市見沼区 染谷","C165.8": "さいたま市見沼区 中川","C165.9": "さいたま市見沼区 新堤","C165.10": "さいたま市見沼区 西山新田","C165.11": "さいたま市見沼区 西山村新田","C165.12": "さいたま市見沼区 蓮沼","C165.13": "さいたま市見沼区 春岡","C165.14": "さいたま市見沼区 春野","C165.15": "さいたま市見沼区 東新井","C165.16": "さいたま市見沼区 東大宮","C165.17": "さいたま市見沼区 東宮下","C165.18": "さいたま市見沼区 東門前","C165.19": "さいたま市見沼区 膝子","C165.20": "さいたま市見沼区 深作","C165.21": "さいたま市見沼区 風渡野","C165.22": "さいたま市見沼区 堀崎町","C165.23": "さいたま市見沼区 丸ケ崎","C165.24": "さいたま市見沼区 丸ケ崎町","C165.25": "さいたま市見沼区 御蔵","C165.26": "さいたま市見沼区 南中野","C165.27": "さいたま市見沼区 南中丸","C165.28": "さいたま市見沼区 宮ケ谷塔","C165.29": "さいたま市見沼区 見山","C165.30": "さいたま市見沼区 山","C165.31": "さいたま市中央区 上峰","C165.32": "さいたま市中央区 円阿弥","C165.33": "さいたま市中央区 大戸","C165.34": "さいたま市中央区 上落合","C165.35": "さいたま市中央区 桜丘","C165.36": "さいたま市中央区 下落合","C165.37": "さいたま市中央区 新都心","C165.38": "さいたま市中央区 新中里","C165.39": "さいたま市中央区 鈴谷","C165.40": "さいたま市中央区 八王子","C165.41": "さいたま市中央区 本町西","C165.42": "さいたま市中央区 本町東","C165.43": "さいたま市桜区 大久保領家","C165.44": "さいたま市桜区 上大久保","C165.45": "さいたま市桜区 五関","C165.46": "さいたま市桜区 在家","C165.47": "さいたま市桜区 栄和","C165.48": "さいたま市桜区 桜田","C165.49": "さいたま市桜区 新開","C165.50": "さいたま市桜区 下大久保","C165.51": "さいたま市桜区 宿","C165.52": "さいたま市桜区 昭和","C165.53": "さいたま市桜区 白鍬","C165.54": "さいたま市桜区 神田","C165.55": "さいたま市桜区 田島","C165.56": "さいたま市桜区 塚本","C165.57": "さいたま市桜区 道場","C165.58": "さいたま市桜区 中島","C165.59": "さいたま市桜区 西堀","C165.60": "さいたま市桜区 町谷","C165.61": "さいたま市桜区 南元宿","C165.62": "さいたま市桜区 山久保","C165.63": "さいたま市浦和区 大原","C165.64": "さいたま市浦和区 上木崎","C165.65": "さいたま市浦和区 木崎","C165.66": "さいたま市浦和区 岸町","C165.67": "さいたま市浦和区 北浦和","C165.68": "さいたま市浦和区 皇山町","C165.69": "さいたま市浦和区 駒場","C165.70": "さいたま市浦和区 神明","C165.71": "さいたま市浦和区 瀬ケ崎","C165.72": "さいたま市浦和区 大東","C165.73": "さいたま市浦和区 高砂","C165.74": "さいたま市浦和区 常盤","C165.75": "さいたま市浦和区 仲町","C165.76": "さいたま市浦和区 針ヶ谷","C165.77": "さいたま市浦和区 東岸町","C165.78": "さいたま市浦和区 東高砂町","C165.79": "さいたま市浦和区 東仲町","C165.80": "さいたま市浦和区 前地","C165.81": "さいたま市浦和区 三崎","C165.82": "さいたま市浦和区 元町","C165.83": "さいたま市浦和区 本太","C165.84": "さいたま市浦和区 領家","C165.85": "さいたま市南区 内谷","C165.86": "さいたま市南区 円正寺","C165.87": "さいたま市南区 大谷口","C165.88": "さいたま市南区 大谷場","C165.89": "さいたま市南区 鹿手袋","C165.90": "さいたま市南区 白幡","C165.91": "さいたま市南区 神明","C165.92": "さいたま市南区 関","C165.93": "さいたま市南区 太田窪","C165.94": "さいたま市南区 辻","C165.95": "さいたま市南区 堤外","C165.96": "さいたま市南区 沼影","C165.97": "さいたま市南区 根岸","C165.98": "さいたま市南区 広ケ谷戸","C165.99": "さいたま市南区 文蔵","C165.100": "さいたま市南区 別所","C165.101": "さいたま市南区 曲本","C165.102": "さいたま市南区 松本","C165.103": "さいたま市南区 南浦和","C165.104": "さいたま市南区 南本町","C165.105": "さいたま市南区 四谷","C165.106": "さいたま市緑区 井沼方","C165.107": "さいたま市緑区 大崎","C165.108": "さいたま市緑区 大牧","C165.109": "さいたま市緑区 大間木","C165.110": "さいたま市緑区 大谷口","C165.111": "さいたま市緑区 上野田","C165.112": "さいたま市緑区 北原","C165.113": "さいたま市緑区 玄蕃新田","C165.114": "さいたま市緑区 道祖土","C165.115": "さいたま市緑区 芝原","C165.116": "さいたま市緑区 下野田","C165.117": "さいたま市緑区 下山口新田","C165.118": "さいたま市緑区 新宿","C165.119": "さいたま市緑区 太田窪","C165.120": "さいたま市緑区 大道","C165.121": "さいたま市緑区 大門","C165.122": "さいたま市緑区 代山","C165.123": "さいたま市緑区 高畑","C165.124": "さいたま市緑区 寺山","C165.125": "さいたま市緑区 中尾","C165.126": "さいたま市緑区 中野田","C165.127": "さいたま市緑区 南部領辻","C165.128": "さいたま市緑区 蓮見新田","C165.129": "さいたま市緑区 原山","C165.130": "さいたま市緑区 馬場","C165.131": "さいたま市緑区 東浦和","C165.132": "さいたま市緑区 東大門","C165.133": "さいたま市緑区 松木","C165.134": "さいたま市緑区 間宮","C165.135": "さいたま市緑区 三浦","C165.136": "さいたま市緑区 見沼","C165.137": "さいたま市緑区 三室","C165.138": "さいたま市緑区 宮後","C165.139": "さいたま市緑区 宮本","C165.140": "さいたま市緑区 山崎","C165.141": "さいたま市岩槻区 相野原","C165.142": "さいたま市岩槻区 愛宕町","C165.143": "さいたま市岩槻区 飯塚","C165.144": "さいたま市岩槻区 岩槻","C165.145": "さいたま市岩槻区 上野","C165.146": "さいたま市岩槻区 浮谷","C165.147": "さいたま市岩槻区 裏慈恩寺","C165.148": "さいたま市岩槻区 大口","C165.149": "さいたま市岩槻区 太田","C165.150": "さいたま市岩槻区 大戸","C165.151": "さいたま市岩槻区 大野島","C165.152": "さいたま市岩槻区 大森","C165.153": "さいたま市岩槻区 大谷","C165.154": "さいたま市岩槻区 尾ケ崎","C165.155": "さいたま市岩槻区 尾ケ崎新田","C165.156": "さいたま市岩槻区 表慈恩寺","C165.157": "さいたま市岩槻区 釣上","C165.158": "さいたま市岩槻区 釣上新田","C165.159": "さいたま市岩槻区 加倉","C165.160": "さいたま市岩槻区 掛","C165.161": "さいたま市岩槻区 柏崎","C165.162": "さいたま市岩槻区 金重","C165.163": "さいたま市岩槻区 鹿室","C165.164": "さいたま市岩槻区 上里","C165.165": "さいたま市岩槻区 黒谷","C165.166": "さいたま市岩槻区 古ケ場","C165.167": "さいたま市岩槻区 小溝","C165.168": "さいたま市岩槻区 笹久保","C165.169": "さいたま市岩槻区 笹久保新田","C165.170": "さいたま市岩槻区 慈恩寺","C165.171": "さいたま市岩槻区 城南","C165.172": "さいたま市岩槻区 城町","C165.173": "さいたま市岩槻区 真福寺","C165.174": "さいたま市岩槻区 末田","C165.175": "さいたま市岩槻区 諏訪","C165.176": "さいたま市岩槻区 高曽根","C165.177": "さいたま市岩槻区 徳力","C165.178": "さいたま市岩槻区 仲町","C165.179": "さいたま市岩槻区 長宮","C165.180": "さいたま市岩槻区 並木","C165.181": "さいたま市岩槻区 新方須賀","C165.182": "さいたま市岩槻区 西原","C165.183": "さいたま市岩槻区 西原台","C165.184": "さいたま市岩槻区 西町","C165.185": "さいたま市岩槻区 野孫","C165.186": "さいたま市岩槻区 原町","C165.187": "さいたま市岩槻区 東岩槻","C165.188": "さいたま市岩槻区 東町","C165.189": "さいたま市岩槻区 日の出町","C165.190": "さいたま市岩槻区 府内","C165.191": "さいたま市岩槻区 平林寺","C165.192": "さいたま市岩槻区 本宿","C165.193": "さいたま市岩槻区 本町","C165.194": "さいたま市岩槻区 本丸","C165.195": "さいたま市岩槻区 馬込","C165.196": "さいたま市岩槻区 増長","C165.197": "さいたま市岩槻区 南下新井","C165.198": "さいたま市岩槻区 南辻","C165.199": "さいたま市岩槻区 南平野","C165.200": "さいたま市岩槻区 箕輪","C165.201": "さいたま市岩槻区 宮町","C165.202": "さいたま市岩槻区 美幸町","C165.203": "さいたま市岩槻区 村国","C165.204": "さいたま市岩槻区 谷下","C165.205": "さいたま市岩槻区 横根","C165.206": "川越市 安比奈新田","C165.207": "川越市 青柳","C165.208": "川越市 旭町","C165.209": "川越市 天沼新田","C165.210": "川越市 新宿","C165.211": "川越市 新宿町","C165.212": "川越市 池辺","C165.213": "川越市 伊佐沼","C165.214": "川越市 石田","C165.215": "川越市 石田本郷","C165.216": "川越市 石原町","C165.217": "川越市 泉町","C165.218": "川越市 伊勢原町","C165.219": "川越市 稲荷町","C165.220": "川越市 今泉","C165.221": "川越市 今成","C165.222": "川越市 今福","C165.223": "川越市 牛子","C165.224": "川越市 上戸","C165.225": "川越市 上戸新町","C165.226": "川越市 扇河岸","C165.227": "川越市 大仙波","C165.228": "川越市 大仙波新田","C165.229": "川越市 大塚","C165.230": "川越市 大塚新田","C165.231": "川越市 大塚新町","C165.232": "川越市 大手町","C165.233": "川越市 大中居","C165.234": "川越市 大袋","C165.235": "川越市 大袋新田","C165.236": "川越市 小ケ谷","C165.237": "川越市 御成町","C165.238": "川越市 萱沼","C165.239": "川越市 笠幡","C165.240": "川越市 かし野台","C165.241": "川越市 霞ケ関北","C165.242": "川越市 霞ケ関東","C165.243": "川越市 かすみ野","C165.244": "川越市 上老袋","C165.245": "川越市 上新河岸","C165.246": "川越市 上寺山","C165.247": "川越市 上野田町","C165.248": "川越市 上松原","C165.249": "川越市 鴨田","C165.250": "川越市 川越","C165.251": "川越市 川鶴","C165.252": "川越市 かわつる三芳野","C165.253": "川越市 岸","C165.254": "川越市 岸町","C165.255": "川越市 北田島","C165.256": "川越市 喜多町","C165.257": "川越市 木野目","C165.258": "川越市 久下戸","C165.259": "川越市 鯨井","C165.260": "川越市 鯨井新田","C165.261": "川越市 久保町","C165.262": "川越市 熊野町","C165.263": "川越市 郭町","C165.264": "川越市 広栄町","C165.265": "川越市 小仙波","C165.266": "川越市 小仙波町","C165.267": "川越市 小堤","C165.268": "川越市 寿町","C165.269": "川越市 小中居","C165.270": "川越市 小室","C165.271": "川越市 幸町","C165.272": "川越市 栄","C165.273": "川越市 三久保町","C165.274": "川越市 三光町","C165.275": "川越市 鹿飼","C165.276": "川越市 志多町","C165.277": "川越市 渋井","C165.278": "川越市 清水町","C165.279": "川越市 下赤坂","C165.280": "川越市 下老袋","C165.281": "川越市 下小坂","C165.282": "川越市 下新河岸","C165.283": "川越市 下広谷","C165.284": "川越市 下松原","C165.285": "川越市 城下町","C165.286": "川越市 新富町","C165.287": "川越市 神明町","C165.288": "川越市 末広町","C165.289": "川越市 菅間","C165.290": "川越市 菅原町","C165.291": "川越市 砂","C165.292": "川越市 砂久保","C165.293": "川越市 砂新田","C165.294": "川越市 諏訪町","C165.295": "川越市 仙波町","C165.296": "川越市 高島","C165.297": "川越市 竹野","C165.298": "川越市 田町","C165.299": "川越市 月吉町","C165.300": "川越市 寺井"}}