{"ja-JP": {"C166.1": "川越市 寺尾","C166.2": "川越市 寺山","C166.3": "川越市 東明寺","C166.4": "川越市 通町","C166.5": "川越市 豊田新田","C166.6": "川越市 豊田町","C166.7": "川越市 豊田本","C166.8": "川越市 問屋町","C166.9": "川越市 中老袋","C166.10": "川越市 中台","C166.11": "川越市 中台南","C166.12": "川越市 中台元町","C166.13": "川越市 仲町","C166.14": "川越市 中原町","C166.15": "川越市 中福","C166.16": "川越市 中福東","C166.17": "川越市 並木","C166.18": "川越市 並木新町","C166.19": "川越市 並木西町","C166.20": "川越市 西小仙波町","C166.21": "川越市 日東町","C166.22": "川越市 野田","C166.23": "川越市 野田町","C166.24": "川越市 東田町","C166.25": "川越市 東本宿","C166.26": "川越市 氷川町","C166.27": "川越市 平塚","C166.28": "川越市 平塚新田","C166.29": "川越市 広谷新町","C166.30": "川越市 府川","C166.31": "川越市 福田","C166.32": "川越市 藤木町","C166.33": "川越市 藤倉","C166.34": "川越市 藤間","C166.35": "川越市 富士見","C166.36": "川越市 富士見町","C166.37": "川越市 藤原町","C166.38": "川越市 古市場","C166.39": "川越市 古谷上","C166.40": "川越市 古谷本郷","C166.41": "川越市 増形","C166.42": "川越市 松江町","C166.43": "川越市 松郷","C166.44": "川越市 的場","C166.45": "川越市 的場北","C166.46": "川越市 的場新町","C166.47": "川越市 南大塚","C166.48": "川越市 南台","C166.49": "川越市 南田島","C166.50": "川越市 南通町","C166.51": "川越市 宮下町","C166.52": "川越市 宮元町","C166.53": "川越市 むさし野","C166.54": "川越市 むさし野南","C166.55": "川越市 元町","C166.56": "川越市 八ツ島","C166.57": "川越市 谷中","C166.58": "川越市 山城","C166.59": "川越市 山田","C166.60": "川越市 吉田","C166.61": "川越市 吉田新町","C166.62": "川越市 芳野台","C166.63": "川越市 四都野台","C166.64": "川越市 連雀町","C166.65": "川越市 六軒町","C166.66": "川越市 脇田新町","C166.67": "川越市 脇田本町","C166.68": "川越市 脇田町","C166.69": "熊谷市 相上","C166.70": "熊谷市 赤城町","C166.71": "熊谷市 曙町","C166.72": "熊谷市 飯塚","C166.73": "熊谷市 池上","C166.74": "熊谷市 石原","C166.75": "熊谷市 伊勢町","C166.76": "熊谷市 板井","C166.77": "熊谷市 市ノ坪","C166.78": "熊谷市 今井","C166.79": "熊谷市 江波","C166.80": "熊谷市 榎町","C166.81": "熊谷市 円光","C166.82": "熊谷市 小江川","C166.83": "熊谷市 大麻生","C166.84": "熊谷市 太井","C166.85": "熊谷市 大塚","C166.86": "熊谷市 大野","C166.87": "熊谷市 大原","C166.88": "熊谷市 押切","C166.89": "熊谷市 小曽根","C166.90": "熊谷市 男沼","C166.91": "熊谷市 柿沼","C166.92": "熊谷市 籠原南","C166.93": "熊谷市 冑山","C166.94": "熊谷市 鎌倉町","C166.95": "熊谷市 上江袋","C166.96": "熊谷市 上恩田","C166.97": "熊谷市 上川上","C166.98": "熊谷市 上新田","C166.99": "熊谷市 上須戸","C166.100": "熊谷市 上中条","C166.101": "熊谷市 上奈良","C166.102": "熊谷市 上根","C166.103": "熊谷市 上之","C166.104": "熊谷市 川原明戸","C166.105": "熊谷市 河原町","C166.106": "熊谷市 吉所敷","C166.107": "熊谷市 銀座","C166.108": "熊谷市 久下","C166.109": "熊谷市 葛和田","C166.110": "熊谷市 屈戸","C166.111": "熊谷市 久保島","C166.112": "熊谷市 熊谷","C166.113": "熊谷市 小泉","C166.114": "熊谷市 肥塚","C166.115": "熊谷市 江南中央","C166.116": "熊谷市 小島","C166.117": "熊谷市 小八林","C166.118": "熊谷市 桜木町","C166.119": "熊谷市 桜町","C166.120": "熊谷市 佐谷田","C166.121": "熊谷市 塩","C166.122": "熊谷市 柴","C166.123": "熊谷市 四方寺","C166.124": "熊谷市 下恩田","C166.125": "熊谷市 下川上","C166.126": "熊谷市 下奈良","C166.127": "熊谷市 下増田","C166.128": "熊谷市 拾六間","C166.129": "熊谷市 新川","C166.130": "熊谷市 末広","C166.131": "熊谷市 須賀広","C166.132": "熊谷市 瀬南","C166.133": "熊谷市 善ケ島","C166.134": "熊谷市 千代","C166.135": "熊谷市 代","C166.136": "熊谷市 高本","C166.137": "熊谷市 高柳","C166.138": "熊谷市 田島","C166.139": "熊谷市 玉井","C166.140": "熊谷市 玉井南","C166.141": "熊谷市 玉作","C166.142": "熊谷市 俵瀬","C166.143": "熊谷市 中央","C166.144": "熊谷市 月見町","C166.145": "熊谷市 筑波","C166.146": "熊谷市 津田","C166.147": "熊谷市 津田新田","C166.148": "熊谷市 出来島","C166.149": "熊谷市 手島","C166.150": "熊谷市 道ケ谷戸","C166.151": "熊谷市 戸出","C166.152": "熊谷市 問屋町","C166.153": "熊谷市 永井太田","C166.154": "熊谷市 中恩田","C166.155": "熊谷市 中曽根","C166.156": "熊谷市 仲町","C166.157": "熊谷市 中奈良","C166.158": "熊谷市 中西","C166.159": "熊谷市 奈良新田","C166.160": "熊谷市 成沢","C166.161": "熊谷市 新島","C166.162": "熊谷市 新堀","C166.163": "熊谷市 新堀新田","C166.164": "熊谷市 西城","C166.165": "熊谷市 西野","C166.166": "熊谷市 西別府","C166.167": "熊谷市 沼黒","C166.168": "熊谷市 野原","C166.169": "熊谷市 箱田","C166.170": "熊谷市 原井","C166.171": "熊谷市 原島","C166.172": "熊谷市 東別府","C166.173": "熊谷市 日向","C166.174": "熊谷市 樋春","C166.175": "熊谷市 平塚新田","C166.176": "熊谷市 平戸","C166.177": "熊谷市 広瀬","C166.178": "熊谷市 武体","C166.179": "熊谷市 船木台","C166.180": "熊谷市 別府","C166.181": "熊谷市 弁財","C166.182": "熊谷市 星川","C166.183": "熊谷市 本石","C166.184": "熊谷市 本町","C166.185": "熊谷市 万吉","C166.186": "熊谷市 間々田","C166.187": "熊谷市 万平町","C166.188": "熊谷市 御稜威ケ原","C166.189": "熊谷市 三ケ尻","C166.190": "熊谷市 御正新田","C166.191": "熊谷市 三本","C166.192": "熊谷市 美土里町","C166.193": "熊谷市 箕輪","C166.194": "熊谷市 見晴町","C166.195": "熊谷市 宮町","C166.196": "熊谷市 宮前町","C166.197": "熊谷市 宮本町","C166.198": "熊谷市 向谷","C166.199": "熊谷市 村岡","C166.200": "熊谷市 妻沼","C166.201": "熊谷市 妻沼小島","C166.202": "熊谷市 妻沼台","C166.203": "熊谷市 妻沼中央","C166.204": "熊谷市 妻沼西","C166.205": "熊谷市 妻沼東","C166.206": "熊谷市 楊井","C166.207": "熊谷市 八木田","C166.208": "熊谷市 八ツ口","C166.209": "熊谷市 弥藤吾","C166.210": "熊谷市 弥生","C166.211": "川口市 青木","C166.212": "川口市 赤井","C166.213": "川口市 赤芝新田","C166.214": "川口市 赤山","C166.215": "川口市 朝日","C166.216": "川口市 新井宿","C166.217": "川口市 新井町","C166.218": "川口市 荒川町","C166.219": "川口市 安行","C166.220": "川口市 安行北谷","C166.221": "川口市 安行吉蔵","C166.222": "川口市 安行小山","C166.223": "川口市 安行慈林","C166.224": "川口市 安行出羽","C166.225": "川口市 安行藤八","C166.226": "川口市 安行西立野","C166.227": "川口市 安行原","C166.228": "川口市 安行吉岡","C166.229": "川口市 安行領家","C166.230": "川口市 安行領在家","C166.231": "川口市 安行領根岸","C166.232": "川口市 飯塚","C166.233": "川口市 飯原町","C166.234": "川口市 伊刈","C166.235": "川口市 石神","C166.236": "川口市 江戸","C166.237": "川口市 江戸袋","C166.238": "川口市 大竹","C166.239": "川口市 金山町","C166.240": "川口市 上青木","C166.241": "川口市 上青木西","C166.242": "川口市 川口","C166.243": "川口市 河原町","C166.244": "川口市 木曽呂","C166.245": "川口市 北園町","C166.246": "川口市 北原台","C166.247": "川口市 久左衛門新田","C166.248": "川口市 行衛","C166.249": "川口市 源左衛門新田","C166.250": "川口市 神戸","C166.251": "川口市 小谷場","C166.252": "川口市 在家町","C166.253": "川口市 幸町","C166.254": "川口市 栄町","C166.255": "川口市 坂下町","C166.256": "川口市 桜町","C166.257": "川口市 差間","C166.258": "川口市 里","C166.259": "川口市 芝","C166.260": "川口市 芝下","C166.261": "川口市 芝新町","C166.262": "川口市 芝園町","C166.263": "川口市 芝高木","C166.264": "川口市 芝塚原","C166.265": "川口市 芝中田","C166.266": "川口市 芝西","C166.267": "川口市 芝東町","C166.268": "川口市 芝樋ノ爪","C166.269": "川口市 芝富士","C166.270": "川口市 芝宮根町","C166.271": "川口市 末広","C166.272": "川口市 長蔵","C166.273": "川口市 長蔵新田","C166.274": "川口市 辻","C166.275": "川口市 藤兵衛新田","C166.276": "川口市 戸塚","C166.277": "川口市 戸塚境町","C166.278": "川口市 戸塚鋏町","C166.279": "川口市 戸塚東","C166.280": "川口市 戸塚南","C166.281": "川口市 中青木","C166.282": "川口市 仲町","C166.283": "川口市 並木","C166.284": "川口市 並木元町","C166.285": "川口市 新堀","C166.286": "川口市 新堀町","C166.287": "川口市 西青木","C166.288": "川口市 西新井宿","C166.289": "川口市 西川口","C166.290": "川口市 西立野","C166.291": "川口市 榛松","C166.292": "川口市 蓮沼","C166.293": "川口市 八幡木","C166.294": "川口市 鳩ヶ谷本町","C166.295": "川口市 鳩ヶ谷緑町","C166.296": "川口市 原町","C166.297": "川口市 東内野","C166.298": "川口市 東貝塚","C166.299": "川口市 東川口","C166.300": "川口市 東本郷"}}