{"ja-JP": {"C170.1": "上尾市 上町","C170.2": "上尾市 上平中央","C170.3": "上尾市 川","C170.4": "上尾市 瓦葺","C170.5": "上尾市 久保","C170.6": "上尾市 小泉","C170.7": "上尾市 小敷谷","C170.8": "上尾市 五番町","C170.9": "上尾市 栄町","C170.10": "上尾市 地頭方","C170.11": "上尾市 須ケ谷","C170.12": "上尾市 菅谷","C170.13": "上尾市 堤崎","C170.14": "上尾市 戸崎","C170.15": "上尾市 中新井","C170.16": "上尾市 仲町","C170.17": "上尾市 中妻","C170.18": "上尾市 中分","C170.19": "上尾市 西貝塚","C170.20": "上尾市 錦町","C170.21": "上尾市 西宮下","C170.22": "上尾市 西門前","C170.23": "上尾市 原市","C170.24": "上尾市 原市北","C170.25": "上尾市 原市中","C170.26": "上尾市 原新町","C170.27": "上尾市 日の出","C170.28": "上尾市 平方","C170.29": "上尾市 平方領々家","C170.30": "上尾市 平塚","C170.31": "上尾市 藤波","C170.32": "上尾市 富士見","C170.33": "上尾市 二ツ宮","C170.34": "上尾市 弁財","C170.35": "上尾市 本町","C170.36": "上尾市 緑丘","C170.37": "上尾市 南","C170.38": "上尾市 宮本町","C170.39": "上尾市 向山","C170.40": "上尾市 谷津","C170.41": "上尾市 領家","C170.42": "草加市 青柳","C170.43": "草加市 青柳町","C170.44": "草加市 旭町","C170.45": "草加市 遊馬町","C170.46": "草加市 稲荷","C170.47": "草加市 柿木町","C170.48": "草加市 学園町","C170.49": "草加市 北谷","C170.50": "草加市 北谷町","C170.51": "草加市 金明町","C170.52": "草加市 小山","C170.53": "草加市 栄町","C170.54": "草加市 新栄","C170.55": "草加市 新善町","C170.56": "草加市 神明","C170.57": "草加市 住吉","C170.58": "草加市 清門","C170.59": "草加市 瀬崎","C170.60": "草加市 草加","C170.61": "草加市 高砂","C170.62": "草加市 中央","C170.63": "草加市 長栄","C170.64": "草加市 手代町","C170.65": "草加市 苗塚町","C170.66": "草加市 中根","C170.67": "草加市 西町","C170.68": "草加市 新里町","C170.69": "草加市 花栗","C170.70": "草加市 原町","C170.71": "草加市 氷川町","C170.72": "草加市 弁天","C170.73": "草加市 松江","C170.74": "草加市 松原","C170.75": "草加市 谷塚","C170.76": "草加市 谷塚上町","C170.77": "草加市 谷塚町","C170.78": "草加市 谷塚仲町","C170.79": "草加市 柳島町","C170.80": "草加市 八幡町","C170.81": "草加市 吉町","C170.82": "草加市 両新田西町","C170.83": "草加市 両新田東町","C170.84": "越谷市 赤山町","C170.85": "越谷市 赤山本町","C170.86": "越谷市 東町","C170.87": "越谷市 伊原","C170.88": "越谷市 大里","C170.89": "越谷市 大沢","C170.90": "越谷市 大杉","C170.91": "越谷市 大竹","C170.92": "越谷市 大泊","C170.93": "越谷市 大林","C170.94": "越谷市 大房","C170.95": "越谷市 大松","C170.96": "越谷市 大間野町","C170.97": "越谷市 大道","C170.98": "越谷市 大吉","C170.99": "越谷市 小曽川","C170.100": "越谷市 恩間","C170.101": "越谷市 恩間新田","C170.102": "越谷市 上間久里","C170.103": "越谷市 蒲生","C170.104": "越谷市 蒲生茜町","C170.105": "越谷市 蒲生旭町","C170.106": "越谷市 蒲生愛宕町","C170.107": "越谷市 蒲生寿町","C170.108": "越谷市 蒲生西町","C170.109": "越谷市 蒲生東町","C170.110": "越谷市 蒲生本町","C170.111": "越谷市 蒲生南町","C170.112": "越谷市 川柳町","C170.113": "越谷市 瓦曽根","C170.114": "越谷市 北後谷","C170.115": "越谷市 北川崎","C170.116": "越谷市 北越谷","C170.117": "越谷市 越ケ谷","C170.118": "越谷市 越ケ谷本町","C170.119": "越谷市 御殿町","C170.120": "越谷市 相模町","C170.121": "越谷市 三野宮","C170.122": "越谷市 七左町","C170.123": "越谷市 下間久里","C170.124": "越谷市 新川町","C170.125": "越谷市 神明町","C170.126": "越谷市 砂原","C170.127": "越谷市 千間台西","C170.128": "越谷市 千間台東","C170.129": "越谷市 大成町","C170.130": "越谷市 中島","C170.131": "越谷市 長島","C170.132": "越谷市 中町","C170.133": "越谷市 西新井","C170.134": "越谷市 西方","C170.135": "越谷市 野島","C170.136": "越谷市 登戸町","C170.137": "越谷市 花田","C170.138": "越谷市 東大沢","C170.139": "越谷市 東越谷","C170.140": "越谷市 東柳田町","C170.141": "越谷市 平方","C170.142": "越谷市 平方南町","C170.143": "越谷市 袋山","C170.144": "越谷市 船渡","C170.145": "越谷市 増林","C170.146": "越谷市 増森","C170.147": "越谷市 南荻島","C170.148": "越谷市 南越谷","C170.149": "越谷市 南町","C170.150": "越谷市 宮前","C170.151": "越谷市 宮本町","C170.152": "越谷市 向畑","C170.153": "越谷市 元柳田町","C170.154": "越谷市 弥栄町","C170.155": "越谷市 弥十郎","C170.156": "越谷市 谷中町","C170.157": "越谷市 柳町","C170.158": "越谷市 弥生町","C170.159": "越谷市 流通団地","C170.160": "越谷市 レイクタウン","C170.161": "蕨市 北町","C170.162": "蕨市 中央","C170.163": "蕨市 塚越","C170.164": "蕨市 錦町","C170.165": "蕨市 南町","C170.166": "戸田市 上戸田","C170.167": "戸田市 川岸","C170.168": "戸田市 喜沢","C170.169": "戸田市 喜沢南","C170.170": "戸田市 笹目","C170.171": "戸田市 笹目北町","C170.172": "戸田市 笹目南町","C170.173": "戸田市 下笹目","C170.174": "戸田市 下戸田","C170.175": "戸田市 下前","C170.176": "戸田市 戸田公園","C170.177": "戸田市 中町","C170.178": "戸田市 新曽","C170.179": "戸田市 新曽南","C170.180": "戸田市 早瀬","C170.181": "戸田市 氷川町","C170.182": "戸田市 美女木","C170.183": "戸田市 美女木東","C170.184": "戸田市 本町","C170.185": "戸田市 南町","C170.186": "入間市 東町","C170.187": "入間市 新久","C170.188": "入間市 上小谷田","C170.189": "入間市 牛沢町","C170.190": "入間市 扇台","C170.191": "入間市 扇町屋","C170.192": "入間市 鍵山","C170.193": "入間市 春日町","C170.194": "入間市 金子中央","C170.195": "入間市 上藤沢","C170.196": "入間市 上谷ケ貫","C170.197": "入間市 河原町","C170.198": "入間市 久保稲荷","C170.199": "入間市 黒須","C170.200": "入間市 向陽台","C170.201": "入間市 駒形富士山","C170.202": "入間市 小谷田","C170.203": "入間市 狭山ケ原","C170.204": "入間市 狭山台","C170.205": "入間市 下藤沢","C170.206": "入間市 下谷ケ貫","C170.207": "入間市 新光","C170.208": "入間市 善蔵新田","C170.209": "入間市 高倉","C170.210": "入間市 高根","C170.211": "入間市 寺竹","C170.212": "入間市 豊岡","C170.213": "入間市 中神","C170.214": "入間市 西三ツ木","C170.215": "入間市 二本木","C170.216": "入間市 根岸","C170.217": "入間市 野田","C170.218": "入間市 花ノ木","C170.219": "入間市 東藤沢","C170.220": "入間市 仏子","C170.221": "入間市 三ツ木台","C170.222": "入間市 南峯","C170.223": "入間市 宮寺","C170.224": "入間市 宮前町","C170.225": "入間市 木蓮寺","C170.226": "入間市 森坂","C170.227": "朝霞市 青葉台","C170.228": "朝霞市 朝志ケ丘","C170.229": "朝霞市 岡","C170.230": "朝霞市 上内間木","C170.231": "朝霞市 北原","C170.232": "朝霞市 幸町","C170.233": "朝霞市 栄町","C170.234": "朝霞市 下内間木","C170.235": "朝霞市 泉水","C170.236": "朝霞市 台","C170.237": "朝霞市 田島","C170.238": "朝霞市 仲町","C170.239": "朝霞市 西原","C170.240": "朝霞市 西弁財","C170.241": "朝霞市 根岸","C170.242": "朝霞市 根岸台","C170.243": "朝霞市 浜崎","C170.244": "朝霞市 東弁財","C170.245": "朝霞市 膝折","C170.246": "朝霞市 膝折町","C170.247": "朝霞市 本町","C170.248": "朝霞市 溝沼","C170.249": "朝霞市 三原","C170.250": "朝霞市 宮戸","C170.251": "志木市 柏町","C170.252": "志木市 上宗岡","C170.253": "志木市 幸町","C170.254": "志木市 下宗岡","C170.255": "志木市 館","C170.256": "志木市 中宗岡","C170.257": "志木市 本町","C170.258": "志木市 宗岡","C170.259": "和光市 下新倉","C170.260": "和光市 白子","C170.261": "和光市 諏訪","C170.262": "和光市 諏訪原団地","C170.263": "和光市 中央","C170.264": "和光市 新倉","C170.265": "和光市 西大和団地","C170.266": "和光市 広沢","C170.267": "和光市 本町","C170.268": "和光市 松ノ木島町","C170.269": "和光市 丸山台","C170.270": "和光市 南","C170.271": "新座市 あたご","C170.272": "新座市 池田","C170.273": "新座市 石神","C170.274": "新座市 大和田","C170.275": "新座市 片山","C170.276": "新座市 北野","C170.277": "新座市 栗原","C170.278": "新座市 栄","C170.279": "新座市 新堀","C170.280": "新座市 菅沢","C170.281": "新座市 道場","C170.282": "新座市 東北","C170.283": "新座市 中野","C170.284": "新座市 新座","C170.285": "新座市 新塚","C170.286": "新座市 西堀","C170.287": "新座市 野寺","C170.288": "新座市 野火止","C170.289": "新座市 畑中","C170.290": "新座市 馬場","C170.291": "新座市 東","C170.292": "新座市 堀ノ内","C170.293": "新座市 本多","C170.294": "桶川市 赤堀","C170.295": "桶川市 朝日","C170.296": "桶川市 泉","C170.297": "桶川市 加納","C170.298": "桶川市 上日出谷","C170.299": "桶川市 鴨川","C170.300": "桶川市 川田谷"}}