{"ja-JP": {"C174.1": "大里郡寄居町 用土","C174.2": "大里郡寄居町 寄居","C174.3": "南埼玉郡宮代町 学園台","C174.4": "南埼玉郡宮代町 笠原","C174.5": "南埼玉郡宮代町 金原","C174.6": "南埼玉郡宮代町 川端","C174.7": "南埼玉郡宮代町 国納","C174.8": "南埼玉郡宮代町 逆井","C174.9": "南埼玉郡宮代町 須賀","C174.10": "南埼玉郡宮代町 中央","C174.11": "南埼玉郡宮代町 道佛","C174.12": "南埼玉郡宮代町 中","C174.13": "南埼玉郡宮代町 中島","C174.14": "南埼玉郡宮代町 西粂原","C174.15": "南埼玉郡宮代町 西原","C174.16": "南埼玉郡宮代町 東","C174.17": "南埼玉郡宮代町 東粂原","C174.18": "南埼玉郡宮代町 東姫宮","C174.19": "南埼玉郡宮代町 姫宮","C174.20": "南埼玉郡宮代町 本田","C174.21": "南埼玉郡宮代町 宮代","C174.22": "南埼玉郡宮代町 宮代台","C174.23": "南埼玉郡宮代町 宮東","C174.24": "南埼玉郡宮代町 百間","C174.25": "南埼玉郡宮代町 山崎","C174.26": "南埼玉郡宮代町 和戸","C174.27": "北葛飾郡杉戸町 内田","C174.28": "北葛飾郡杉戸町 大島","C174.29": "北葛飾郡杉戸町 大塚","C174.30": "北葛飾郡杉戸町 北蓮沼","C174.31": "北葛飾郡杉戸町 木津内","C174.32": "北葛飾郡杉戸町 木野川","C174.33": "北葛飾郡杉戸町 倉松","C174.34": "北葛飾郡杉戸町 才羽","C174.35": "北葛飾郡杉戸町 佐左エ門","C174.36": "北葛飾郡杉戸町 下高野","C174.37": "北葛飾郡杉戸町 下野","C174.38": "北葛飾郡杉戸町 杉戸","C174.39": "北葛飾郡杉戸町 清地","C174.40": "北葛飾郡杉戸町 高野台西","C174.41": "北葛飾郡杉戸町 高野台東","C174.42": "北葛飾郡杉戸町 高野台南","C174.43": "北葛飾郡杉戸町 堤根","C174.44": "北葛飾郡杉戸町 椿","C174.45": "北葛飾郡杉戸町 遠野","C174.46": "北葛飾郡杉戸町 並塚","C174.47": "北葛飾郡杉戸町 茨島","C174.48": "北葛飾郡杉戸町 屏風","C174.49": "北葛飾郡杉戸町 広戸沼","C174.50": "北葛飾郡杉戸町 深輪","C174.51": "北葛飾郡杉戸町 本郷","C174.52": "北葛飾郡杉戸町 宮前","C174.53": "北葛飾郡杉戸町 目沼","C174.54": "北葛飾郡杉戸町 本島","C174.55": "北葛飾郡杉戸町 鷲巣","C174.56": "北葛飾郡松伏町 魚沼","C174.57": "北葛飾郡松伏町 大川戸","C174.58": "北葛飾郡松伏町 金杉","C174.59": "北葛飾郡松伏町 上赤岩","C174.60": "北葛飾郡松伏町 下赤岩","C174.61": "北葛飾郡松伏町 田島","C174.62": "北葛飾郡松伏町 田島東","C174.63": "北葛飾郡松伏町 田中","C174.64": "北葛飾郡松伏町 築比地","C174.65": "北葛飾郡松伏町 松葉","C174.66": "北葛飾郡松伏町 松伏","C174.67": "北葛飾郡松伏町 ゆめみ野","C174.68": "北葛飾郡松伏町 ゆめみ野東","C174.69": "千葉市中央区 青葉町","C174.70": "千葉市中央区 赤井町","C174.71": "千葉市中央区 旭町","C174.72": "千葉市中央区 市場町","C174.73": "千葉市中央区 稲荷町","C174.74": "千葉市中央区 亥鼻","C174.75": "千葉市中央区 今井","C174.76": "千葉市中央区 今井町","C174.77": "千葉市中央区 院内","C174.78": "千葉市中央区 鵜の森町","C174.79": "千葉市中央区 大森町","C174.80": "千葉市中央区 生実町","C174.81": "千葉市中央区 春日","C174.82": "千葉市中央区 葛城","C174.83": "千葉市中央区 要町","C174.84": "千葉市中央区 亀井町","C174.85": "千葉市中央区 亀岡町","C174.86": "千葉市中央区 川崎町","C174.87": "千葉市中央区 川戸町","C174.88": "千葉市中央区 栄町","C174.89": "千葉市中央区 寒川町","C174.90": "千葉市中央区 塩田町","C174.91": "千葉市中央区 汐見丘町","C174.92": "千葉市中央区 白旗","C174.93": "千葉市中央区 新宿","C174.94": "千葉市中央区 新千葉","C174.95": "千葉市中央区 新田町","C174.96": "千葉市中央区 新町","C174.97": "千葉市中央区 神明町","C174.98": "千葉市中央区 末広","C174.99": "千葉市中央区 蘇我","C174.100": "千葉市中央区 蘇我町","C174.101": "千葉市中央区 大巌寺町","C174.102": "千葉市中央区 千葉寺町","C174.103": "千葉市中央区 千葉港","C174.104": "千葉市中央区 中央","C174.105": "千葉市中央区 中央港","C174.106": "千葉市中央区 椿森","C174.107": "千葉市中央区 鶴沢町","C174.108": "千葉市中央区 出洲港","C174.109": "千葉市中央区 道場北","C174.110": "千葉市中央区 道場南","C174.111": "千葉市中央区 問屋町","C174.112": "千葉市中央区 長洲","C174.113": "千葉市中央区 新浜町","C174.114": "千葉市中央区 仁戸名町","C174.115": "千葉市中央区 登戸","C174.116": "千葉市中央区 花輪町","C174.117": "千葉市中央区 浜野町","C174.118": "千葉市中央区 東千葉","C174.119": "千葉市中央区 東本町","C174.120": "千葉市中央区 富士見","C174.121": "千葉市中央区 弁天","C174.122": "千葉市中央区 星久喜町","C174.123": "千葉市中央区 本千葉町","C174.124": "千葉市中央区 本町","C174.125": "千葉市中央区 松ケ丘町","C174.126": "千葉市中央区 松波","C174.127": "千葉市中央区 港町","C174.128": "千葉市中央区 南生実町","C174.129": "千葉市中央区 南町","C174.130": "千葉市中央区 都町","C174.131": "千葉市中央区 宮崎","C174.132": "千葉市中央区 宮崎町","C174.133": "千葉市中央区 村田町","C174.134": "千葉市中央区 矢作町","C174.135": "千葉市中央区 祐光","C174.136": "千葉市中央区 若草","C174.137": "千葉市花見川区 朝日ケ丘","C174.138": "千葉市花見川区 朝日ケ丘町","C174.139": "千葉市花見川区 天戸町","C174.140": "千葉市花見川区 内山町","C174.141": "千葉市花見川区 宇那谷町","C174.142": "千葉市花見川区 柏井","C174.143": "千葉市花見川区 柏井町","C174.144": "千葉市花見川区 検見川町","C174.145": "千葉市花見川区 こてはし台","C174.146": "千葉市花見川区 犢橋町","C174.147": "千葉市花見川区 作新台","C174.148": "千葉市花見川区 さつきが丘","C174.149": "千葉市花見川区 三角町","C174.150": "千葉市花見川区 大日町","C174.151": "千葉市花見川区 武石町","C174.152": "千葉市花見川区 千種町","C174.153": "千葉市花見川区 長作台","C174.154": "千葉市花見川区 長作町","C174.155": "千葉市花見川区 浪花町","C174.156": "千葉市花見川区 西小中台","C174.157": "千葉市花見川区 畑町","C174.158": "千葉市花見川区 花島町","C174.159": "千葉市花見川区 花園","C174.160": "千葉市花見川区 花園町","C174.161": "千葉市花見川区 花見川","C174.162": "千葉市花見川区 幕張町","C174.163": "千葉市花見川区 幕張本郷","C174.164": "千葉市花見川区 瑞穂","C174.165": "千葉市花見川区 南花園","C174.166": "千葉市花見川区 み春野","C174.167": "千葉市花見川区 宮野木台","C174.168": "千葉市花見川区 横戸台","C174.169": "千葉市花見川区 横戸町","C174.170": "千葉市稲毛区 穴川","C174.171": "千葉市稲毛区 穴川町","C174.172": "千葉市稲毛区 あやめ台","C174.173": "千葉市稲毛区 稲丘町","C174.174": "千葉市稲毛区 稲毛","C174.175": "千葉市稲毛区 稲毛台町","C174.176": "千葉市稲毛区 稲毛町","C174.177": "千葉市稲毛区 稲毛東","C174.178": "千葉市稲毛区 柏台","C174.179": "千葉市稲毛区 黒砂","C174.180": "千葉市稲毛区 黒砂台","C174.181": "千葉市稲毛区 小仲台","C174.182": "千葉市稲毛区 小中台町","C174.183": "千葉市稲毛区 小深町","C174.184": "千葉市稲毛区 作草部","C174.185": "千葉市稲毛区 作草部町","C174.186": "千葉市稲毛区 山王町","C174.187": "千葉市稲毛区 園生町","C174.188": "千葉市稲毛区 千草台","C174.189": "千葉市稲毛区 天台","C174.190": "千葉市稲毛区 天台町","C174.191": "千葉市稲毛区 轟町","C174.192": "千葉市稲毛区 長沼町","C174.193": "千葉市稲毛区 長沼原町","C174.194": "千葉市稲毛区 萩台町","C174.195": "千葉市稲毛区 緑町","C174.196": "千葉市稲毛区 宮野木町","C174.197": "千葉市稲毛区 弥生町","C174.198": "千葉市稲毛区 六方町","C174.199": "千葉市若葉区 愛生町","C174.200": "千葉市若葉区 五十土町","C174.201": "千葉市若葉区 和泉町","C174.202": "千葉市若葉区 大井戸町","C174.203": "千葉市若葉区 大草町","C174.204": "千葉市若葉区 太田町","C174.205": "千葉市若葉区 大広町","C174.206": "千葉市若葉区 大宮台","C174.207": "千葉市若葉区 大宮町","C174.208": "千葉市若葉区 小倉台","C174.209": "千葉市若葉区 小倉町","C174.210": "千葉市若葉区 御成台","C174.211": "千葉市若葉区 小間子町","C174.212": "千葉市若葉区 貝塚","C174.213": "千葉市若葉区 貝塚町","C174.214": "千葉市若葉区 加曽利町","C174.215": "千葉市若葉区 金親町","C174.216": "千葉市若葉区 上泉町","C174.217": "千葉市若葉区 川井町","C174.218": "千葉市若葉区 北大宮台","C174.219": "千葉市若葉区 北谷津町","C174.220": "千葉市若葉区 古泉町","C174.221": "千葉市若葉区 御殿町","C174.222": "千葉市若葉区 坂月町","C174.223": "千葉市若葉区 桜木","C174.224": "千葉市若葉区 桜木北","C174.225": "千葉市若葉区 更科町","C174.226": "千葉市若葉区 佐和町","C174.227": "千葉市若葉区 下泉町","C174.228": "千葉市若葉区 下田町","C174.229": "千葉市若葉区 高品町","C174.230": "千葉市若葉区 高根町","C174.231": "千葉市若葉区 多部田町","C174.232": "千葉市若葉区 旦谷町","C174.233": "千葉市若葉区 千城台北","C174.234": "千葉市若葉区 千城台西","C174.235": "千葉市若葉区 千城台東","C174.236": "千葉市若葉区 千城台南","C174.237": "千葉市若葉区 都賀","C174.238": "千葉市若葉区 都賀の台","C174.239": "千葉市若葉区 殿台町","C174.240": "千葉市若葉区 富田町","C174.241": "千葉市若葉区 中田町","C174.242": "千葉市若葉区 中野町","C174.243": "千葉市若葉区 西都賀","C174.244": "千葉市若葉区 野呂町","C174.245": "千葉市若葉区 原町","C174.246": "千葉市若葉区 東寺山町","C174.247": "千葉市若葉区 みつわ台","C174.248": "千葉市若葉区 源町","C174.249": "千葉市若葉区 谷当町","C174.250": "千葉市若葉区 若松台","C174.251": "千葉市若葉区 若松町","C174.252": "千葉市緑区 あすみが丘","C174.253": "千葉市緑区 あすみが丘東","C174.254": "千葉市緑区 板倉町","C174.255": "千葉市緑区 大金沢町","C174.256": "千葉市緑区 大木戸町","C174.257": "千葉市緑区 大椎町","C174.258": "千葉市緑区 大高町","C174.259": "千葉市緑区 大野台","C174.260": "千葉市緑区 落井町","C174.261": "千葉市緑区 越智町","C174.262": "千葉市緑区 小山町","C174.263": "千葉市緑区 おゆみ野","C174.264": "千葉市緑区 おゆみ野有吉","C174.265": "千葉市緑区 おゆみ野中央","C174.266": "千葉市緑区 おゆみ野南","C174.267": "千葉市緑区 鎌取町","C174.268": "千葉市緑区 上大和田町","C174.269": "千葉市緑区 刈田子町","C174.270": "千葉市緑区 小金沢町","C174.271": "千葉市緑区 椎名崎町","C174.272": "千葉市緑区 下大和田町","C174.273": "千葉市緑区 大膳野町","C174.274": "千葉市緑区 高田町","C174.275": "千葉市緑区 高津戸町","C174.276": "千葉市緑区 土気町","C174.277": "千葉市緑区 富岡町","C174.278": "千葉市緑区 中西町","C174.279": "千葉市緑区 東山科町","C174.280": "千葉市緑区 平川町","C174.281": "千葉市緑区 平山町","C174.282": "千葉市緑区 古市場町","C174.283": "千葉市緑区 辺田町","C174.284": "千葉市緑区 誉田町","C174.285": "千葉市緑区 茂呂町","C174.286": "千葉市緑区 小食土町","C174.287": "千葉市美浜区 磯辺","C174.288": "千葉市美浜区 稲毛海岸","C174.289": "千葉市美浜区 打瀬","C174.290": "千葉市美浜区 幸町","C174.291": "千葉市美浜区 新港","C174.292": "千葉市美浜区 高洲","C174.293": "千葉市美浜区 高浜","C174.294": "千葉市美浜区 豊砂","C174.295": "千葉市美浜区 中瀬","C174.296": "千葉市美浜区 浜田","C174.297": "千葉市美浜区 ひび野","C174.298": "千葉市美浜区 幕張西","C174.299": "千葉市美浜区 真砂","C174.300": "千葉市美浜区 美浜"}}