{"ja-JP": {"C153.1": "横浜市南区 永田南","C153.2": "横浜市南区 永田みなみ台","C153.3": "横浜市南区 中村町","C153.4": "横浜市南区 西中町","C153.5": "横浜市南区 八幡町","C153.6": "横浜市南区 花之木町","C153.7": "横浜市南区 日枝町","C153.8": "横浜市南区 東蒔田町","C153.9": "横浜市南区 伏見町","C153.10": "横浜市南区 二葉町","C153.11": "横浜市南区 平楽","C153.12": "横浜市南区 別所","C153.13": "横浜市南区 別所中里台","C153.14": "横浜市南区 堀ノ内町","C153.15": "横浜市南区 蒔田町","C153.16": "横浜市南区 前里町","C153.17": "横浜市南区 真金町","C153.18": "横浜市南区 万世町","C153.19": "横浜市南区 南太田","C153.20": "横浜市南区 南吉田町","C153.21": "横浜市南区 三春台","C153.22": "横浜市南区 宮元町","C153.23": "横浜市南区 六ツ川","C153.24": "横浜市南区 睦町","C153.25": "横浜市南区 吉野町","C153.26": "横浜市南区 若宮町","C153.27": "横浜市保土ケ谷区 新井町","C153.28": "横浜市保土ケ谷区 今井町","C153.29": "横浜市保土ケ谷区 岩井町","C153.30": "横浜市保土ケ谷区 岩崎町","C153.31": "横浜市保土ケ谷区 岩間町","C153.32": "横浜市保土ケ谷区 岡沢町","C153.33": "横浜市保土ケ谷区 霞台","C153.34": "横浜市保土ケ谷区 帷子町","C153.35": "横浜市保土ケ谷区 釜台町","C153.36": "横浜市保土ケ谷区 鎌谷町","C153.37": "横浜市保土ケ谷区 上菅田町","C153.38": "横浜市保土ケ谷区 上星川","C153.39": "横浜市保土ケ谷区 狩場町","C153.40": "横浜市保土ケ谷区 川島町","C153.41": "横浜市保土ケ谷区 川辺町","C153.42": "横浜市保土ケ谷区 神戸町","C153.43": "横浜市保土ケ谷区 権太坂","C153.44": "横浜市保土ケ谷区 境木町","C153.45": "横浜市保土ケ谷区 境木本町","C153.46": "横浜市保土ケ谷区 坂本町","C153.47": "横浜市保土ケ谷区 桜ケ丘","C153.48": "横浜市保土ケ谷区 新桜ケ丘","C153.49": "横浜市保土ケ谷区 瀬戸ケ谷町","C153.50": "横浜市保土ケ谷区 月見台","C153.51": "横浜市保土ケ谷区 天王町","C153.52": "横浜市保土ケ谷区 常盤台","C153.53": "横浜市保土ケ谷区 西久保町","C153.54": "横浜市保土ケ谷区 西谷町","C153.55": "横浜市保土ケ谷区 初音ケ丘","C153.56": "横浜市保土ケ谷区 花見台","C153.57": "横浜市保土ケ谷区 東川島町","C153.58": "横浜市保土ケ谷区 藤塚町","C153.59": "横浜市保土ケ谷区 仏向町","C153.60": "横浜市保土ケ谷区 仏向西","C153.61": "横浜市保土ケ谷区 法泉","C153.62": "横浜市保土ケ谷区 星川","C153.63": "横浜市保土ケ谷区 保土ケ谷町","C153.64": "横浜市保土ケ谷区 峰岡町","C153.65": "横浜市保土ケ谷区 峰沢町","C153.66": "横浜市保土ケ谷区 宮田町","C153.67": "横浜市保土ケ谷区 明神台","C153.68": "横浜市保土ケ谷区 和田","C153.69": "横浜市磯子区 磯子","C153.70": "横浜市磯子区 磯子台","C153.71": "横浜市磯子区 鳳町","C153.72": "横浜市磯子区 岡村","C153.73": "横浜市磯子区 上町","C153.74": "横浜市磯子区 上中里町","C153.75": "横浜市磯子区 栗木","C153.76": "横浜市磯子区 坂下町","C153.77": "横浜市磯子区 汐見台","C153.78": "横浜市磯子区 下町","C153.79": "横浜市磯子区 新磯子町","C153.80": "横浜市磯子区 新杉田町","C153.81": "横浜市磯子区 新中原町","C153.82": "横浜市磯子区 新森町","C153.83": "横浜市磯子区 杉田","C153.84": "横浜市磯子区 杉田坪呑","C153.85": "横浜市磯子区 滝頭","C153.86": "横浜市磯子区 田中","C153.87": "横浜市磯子区 中浜町","C153.88": "横浜市磯子区 中原","C153.89": "横浜市磯子区 西町","C153.90": "横浜市磯子区 馬場町","C153.91": "横浜市磯子区 原町","C153.92": "横浜市磯子区 東町","C153.93": "横浜市磯子区 久木町","C153.94": "横浜市磯子区 氷取沢町","C153.95": "横浜市磯子区 広地町","C153.96": "横浜市磯子区 丸山","C153.97": "横浜市磯子区 峰町","C153.98": "横浜市磯子区 森","C153.99": "横浜市磯子区 森が丘","C153.100": "横浜市磯子区 洋光台","C153.101": "横浜市金沢区 朝比奈町","C153.102": "横浜市金沢区 海の公園","C153.103": "横浜市金沢区 大川","C153.104": "横浜市金沢区 乙舳町","C153.105": "横浜市金沢区 片吹","C153.106": "横浜市金沢区 金沢町","C153.107": "横浜市金沢区 釜利谷町","C153.108": "横浜市金沢区 釜利谷西","C153.109": "横浜市金沢区 釜利谷東","C153.110": "横浜市金沢区 釜利谷南","C153.111": "横浜市金沢区 幸浦","C153.112": "横浜市金沢区 柴町","C153.113": "横浜市金沢区 昭和町","C153.114": "横浜市金沢区 白帆","C153.115": "横浜市金沢区 洲崎町","C153.116": "横浜市金沢区 瀬戸","C153.117": "横浜市金沢区 大道","C153.118": "横浜市金沢区 高舟台","C153.119": "横浜市金沢区 泥亀","C153.120": "横浜市金沢区 寺前","C153.121": "横浜市金沢区 富岡西","C153.122": "横浜市金沢区 富岡東","C153.123": "横浜市金沢区 鳥浜町","C153.124": "横浜市金沢区 長浜","C153.125": "横浜市金沢区 並木","C153.126": "横浜市金沢区 西柴","C153.127": "横浜市金沢区 能見台","C153.128": "横浜市金沢区 能見台通","C153.129": "横浜市金沢区 能見台東","C153.130": "横浜市金沢区 能見台森","C153.131": "横浜市金沢区 野島町","C153.132": "横浜市金沢区 八景島","C153.133": "横浜市金沢区 東朝比奈","C153.134": "横浜市金沢区 平潟町","C153.135": "横浜市金沢区 福浦","C153.136": "横浜市金沢区 堀口","C153.137": "横浜市金沢区 町屋町","C153.138": "横浜市金沢区 みず木町","C153.139": "横浜市金沢区 六浦","C153.140": "横浜市金沢区 六浦町","C153.141": "横浜市金沢区 六浦東","C153.142": "横浜市金沢区 六浦南","C153.143": "横浜市金沢区 谷津町","C153.144": "横浜市金沢区 柳町","C153.145": "横浜市港北区 大倉山","C153.146": "横浜市港北区 大曽根","C153.147": "横浜市港北区 大曽根台","C153.148": "横浜市港北区 菊名","C153.149": "横浜市港北区 岸根町","C153.150": "横浜市港北区 北新横浜","C153.151": "横浜市港北区 小机町","C153.152": "横浜市港北区 篠原北","C153.153": "横浜市港北区 篠原台町","C153.154": "横浜市港北区 篠原町","C153.155": "横浜市港北区 篠原西町","C153.156": "横浜市港北区 篠原東","C153.157": "横浜市港北区 下田町","C153.158": "横浜市港北区 新横浜","C153.159": "横浜市港北区 新吉田町","C153.160": "横浜市港北区 新吉田東","C153.161": "横浜市港北区 高田町","C153.162": "横浜市港北区 高田西","C153.163": "横浜市港北区 高田東","C153.164": "横浜市港北区 樽町","C153.165": "横浜市港北区 綱島上町","C153.166": "横浜市港北区 綱島台","C153.167": "横浜市港北区 綱島西","C153.168": "横浜市港北区 綱島東","C153.169": "横浜市港北区 鳥山町","C153.170": "横浜市港北区 仲手原","C153.171": "横浜市港北区 錦が丘","C153.172": "横浜市港北区 新羽町","C153.173": "横浜市港北区 日吉","C153.174": "横浜市港北区 日吉本町","C153.175": "横浜市港北区 富士塚","C153.176": "横浜市港北区 大豆戸町","C153.177": "横浜市港北区 箕輪町","C153.178": "横浜市港北区 師岡町","C153.179": "横浜市戸塚区 秋葉町","C153.180": "横浜市戸塚区 影取町","C153.181": "横浜市戸塚区 柏尾町","C153.182": "横浜市戸塚区 上柏尾町","C153.183": "横浜市戸塚区 上倉田町","C153.184": "横浜市戸塚区 上品濃","C153.185": "横浜市戸塚区 上矢部町","C153.186": "横浜市戸塚区 川上町","C153.187": "横浜市戸塚区 汲沢","C153.188": "横浜市戸塚区 汲沢町","C153.189": "横浜市戸塚区 小雀町","C153.190": "横浜市戸塚区 品濃町","C153.191": "横浜市戸塚区 下倉田町","C153.192": "横浜市戸塚区 戸塚町","C153.193": "横浜市戸塚区 鳥が丘","C153.194": "横浜市戸塚区 名瀬町","C153.195": "横浜市戸塚区 原宿","C153.196": "横浜市戸塚区 東俣野町","C153.197": "横浜市戸塚区 平戸","C153.198": "横浜市戸塚区 平戸町","C153.199": "横浜市戸塚区 深谷町","C153.200": "横浜市戸塚区 舞岡町","C153.201": "横浜市戸塚区 前田町","C153.202": "横浜市戸塚区 俣野町","C153.203": "横浜市戸塚区 南舞岡","C153.204": "横浜市戸塚区 矢部町","C153.205": "横浜市戸塚区 吉田町","C153.206": "横浜市港南区 大久保","C153.207": "横浜市港南区 上大岡西","C153.208": "横浜市港南区 上大岡東","C153.209": "横浜市港南区 上永谷","C153.210": "横浜市港南区 上永谷町","C153.211": "横浜市港南区 港南","C153.212": "横浜市港南区 港南台","C153.213": "横浜市港南区 港南中央通","C153.214": "横浜市港南区 最戸","C153.215": "横浜市港南区 笹下","C153.216": "横浜市港南区 下永谷","C153.217": "横浜市港南区 芹が谷","C153.218": "横浜市港南区 野庭町","C153.219": "横浜市港南区 東芹が谷","C153.220": "横浜市港南区 東永谷","C153.221": "横浜市港南区 日限山","C153.222": "横浜市港南区 日野","C153.223": "横浜市港南区 日野中央","C153.224": "横浜市港南区 日野南","C153.225": "横浜市港南区 丸山台","C153.226": "横浜市旭区 市沢町","C153.227": "横浜市旭区 今川町","C153.228": "横浜市旭区 今宿","C153.229": "横浜市旭区 今宿町","C153.230": "横浜市旭区 今宿西町","C153.231": "横浜市旭区 今宿東町","C153.232": "横浜市旭区 今宿南町","C153.233": "横浜市旭区 大池町","C153.234": "横浜市旭区 小高町","C153.235": "横浜市旭区 柏町","C153.236": "横浜市旭区 金が谷","C153.237": "横浜市旭区 上川井町","C153.238": "横浜市旭区 上白根","C153.239": "横浜市旭区 上白根町","C153.240": "横浜市旭区 川井宿町","C153.241": "横浜市旭区 川井本町","C153.242": "横浜市旭区 川島町","C153.243": "横浜市旭区 桐が作","C153.244": "横浜市旭区 左近山","C153.245": "横浜市旭区 笹野台","C153.246": "横浜市旭区 さちが丘","C153.247": "横浜市旭区 三反田町","C153.248": "横浜市旭区 四季美台","C153.249": "横浜市旭区 下川井町","C153.250": "横浜市旭区 白根","C153.251": "横浜市旭区 白根町","C153.252": "横浜市旭区 善部町","C153.253": "横浜市旭区 都岡町","C153.254": "横浜市旭区 鶴ケ峰","C153.255": "横浜市旭区 鶴ケ峰本町","C153.256": "横浜市旭区 中尾","C153.257": "横浜市旭区 中希望が丘","C153.258": "横浜市旭区 中沢","C153.259": "横浜市旭区 中白根","C153.260": "横浜市旭区 西川島町","C153.261": "横浜市旭区 東希望が丘","C153.262": "横浜市旭区 二俣川","C153.263": "横浜市旭区 本宿町","C153.264": "横浜市旭区 本村町","C153.265": "横浜市旭区 万騎が原","C153.266": "横浜市旭区 南希望が丘","C153.267": "横浜市旭区 南本宿町","C153.268": "横浜市旭区 矢指町","C153.269": "横浜市旭区 若葉台","C153.270": "横浜市緑区 青砥町","C153.271": "横浜市緑区 いぶき野","C153.272": "横浜市緑区 上山","C153.273": "横浜市緑区 鴨居","C153.274": "横浜市緑区 鴨居町","C153.275": "横浜市緑区 北八朔町","C153.276": "横浜市緑区 霧が丘","C153.277": "横浜市緑区 小山町","C153.278": "横浜市緑区 台村町","C153.279": "横浜市緑区 竹山","C153.280": "横浜市緑区 寺山町","C153.281": "横浜市緑区 十日市場町","C153.282": "横浜市緑区 長津田","C153.283": "横浜市緑区 長津田町","C153.284": "横浜市緑区 長津田みなみ台","C153.285": "横浜市緑区 中山町","C153.286": "横浜市緑区 新治町","C153.287": "横浜市緑区 西八朔町","C153.288": "横浜市緑区 白山","C153.289": "横浜市緑区 東本郷","C153.290": "横浜市緑区 東本郷町","C153.291": "横浜市緑区 三保町","C153.292": "横浜市緑区 森の台","C153.293": "横浜市瀬谷区 相沢","C153.294": "横浜市瀬谷区 阿久和西","C153.295": "横浜市瀬谷区 阿久和東","C153.296": "横浜市瀬谷区 阿久和南","C153.297": "横浜市瀬谷区 東野","C153.298": "横浜市瀬谷区 東野台","C153.299": "横浜市瀬谷区 卸本町","C153.300": "横浜市瀬谷区 上瀬谷町"}}