{"ja-JP": {"C158.1": "秦野市 文京町","C158.2": "秦野市 菩提","C158.3": "秦野市 堀川","C158.4": "秦野市 堀西","C158.5": "秦野市 堀山下","C158.6": "秦野市 本町","C158.7": "秦野市 曲松","C158.8": "秦野市 松原町","C158.9": "秦野市 三廻部","C158.10": "秦野市 緑町","C158.11": "秦野市 南が丘","C158.12": "秦野市 南矢名","C158.13": "秦野市 蓑毛","C158.14": "秦野市 室町","C158.15": "秦野市 元町","C158.16": "秦野市 柳川","C158.17": "秦野市 柳町","C158.18": "秦野市 弥生町","C158.19": "秦野市 横野","C158.20": "秦野市 若松町","C158.21": "厚木市 愛甲","C158.22": "厚木市 愛甲西","C158.23": "厚木市 愛甲東","C158.24": "厚木市 愛名","C158.25": "厚木市 旭町","C158.26": "厚木市 厚木","C158.27": "厚木市 厚木町","C158.28": "厚木市 吾妻町","C158.29": "厚木市 飯山","C158.30": "厚木市 泉町","C158.31": "厚木市 及川","C158.32": "厚木市 王子","C158.33": "厚木市 岡田","C158.34": "厚木市 岡津古久","C158.35": "厚木市 小野","C158.36": "厚木市 恩名","C158.37": "厚木市 金田","C158.38": "厚木市 上依知","C158.39": "厚木市 上荻野","C158.40": "厚木市 上落合","C158.41": "厚木市 上古沢","C158.42": "厚木市 寿町","C158.43": "厚木市 幸町","C158.44": "厚木市 酒井","C158.45": "厚木市 栄町","C158.46": "厚木市 猿ケ島","C158.47": "厚木市 三田","C158.48": "厚木市 三田南","C158.49": "厚木市 下依知","C158.50": "厚木市 下荻野","C158.51": "厚木市 下川入","C158.52": "厚木市 下津古久","C158.53": "厚木市 下古沢","C158.54": "厚木市 関口","C158.55": "厚木市 棚沢","C158.56": "厚木市 田村町","C158.57": "厚木市 妻田","C158.58": "厚木市 妻田北","C158.59": "厚木市 妻田西","C158.60": "厚木市 妻田東","C158.61": "厚木市 妻田南","C158.62": "厚木市 戸田","C158.63": "厚木市 鳶尾","C158.64": "厚木市 戸室","C158.65": "厚木市 中依知","C158.66": "厚木市 中荻野","C158.67": "厚木市 中町","C158.68": "厚木市 長沼","C158.69": "厚木市 七沢","C158.70": "厚木市 温水","C158.71": "厚木市 温水西","C158.72": "厚木市 長谷","C158.73": "厚木市 林","C158.74": "厚木市 東町","C158.75": "厚木市 船子","C158.76": "厚木市 松枝","C158.77": "厚木市 まつかげ台","C158.78": "厚木市 水引","C158.79": "厚木市 緑ケ丘","C158.80": "厚木市 南町","C158.81": "厚木市 みはる野","C158.82": "厚木市 宮の里","C158.83": "厚木市 毛利台","C158.84": "厚木市 元町","C158.85": "厚木市 森の里","C158.86": "厚木市 森の里青山","C158.87": "厚木市 森の里若宮","C158.88": "厚木市 山際","C158.89": "大和市 上草柳","C158.90": "大和市 上和田","C158.91": "大和市 桜森","C158.92": "大和市 渋谷","C158.93": "大和市 下草柳","C158.94": "大和市 下鶴間","C158.95": "大和市 下和田","C158.96": "大和市 草柳","C158.97": "大和市 代官","C158.98": "大和市 中央","C158.99": "大和市 中央林間","C158.100": "大和市 中央林間西","C158.101": "大和市 つきみ野","C158.102": "大和市 鶴間","C158.103": "大和市 西鶴間","C158.104": "大和市 深見","C158.105": "大和市 深見台","C158.106": "大和市 深見西","C158.107": "大和市 深見東","C158.108": "大和市 福田","C158.109": "大和市 南林間","C158.110": "大和市 柳橋","C158.111": "大和市 大和東","C158.112": "大和市 大和南","C158.113": "大和市 林間","C158.114": "伊勢原市 粟窪","C158.115": "伊勢原市 池端","C158.116": "伊勢原市 石田","C158.117": "伊勢原市 伊勢原","C158.118": "伊勢原市 板戸","C158.119": "伊勢原市 歌川","C158.120": "伊勢原市 大住台","C158.121": "伊勢原市 大山","C158.122": "伊勢原市 岡崎","C158.123": "伊勢原市 笠窪","C158.124": "伊勢原市 上粕屋","C158.125": "伊勢原市 上平間","C158.126": "伊勢原市 上谷","C158.127": "伊勢原市 串橋","C158.128": "伊勢原市 小稲葉","C158.129": "伊勢原市 神戸","C158.130": "伊勢原市 子易","C158.131": "伊勢原市 桜台","C158.132": "伊勢原市 三ノ宮","C158.133": "伊勢原市 下落合","C158.134": "伊勢原市 下糟屋","C158.135": "伊勢原市 下平間","C158.136": "伊勢原市 下谷","C158.137": "伊勢原市 白根","C158.138": "伊勢原市 鈴川","C158.139": "伊勢原市 善波","C158.140": "伊勢原市 高森","C158.141": "伊勢原市 高森台","C158.142": "伊勢原市 田中","C158.143": "伊勢原市 坪ノ内","C158.144": "伊勢原市 西富岡","C158.145": "伊勢原市 沼目","C158.146": "伊勢原市 八幡台","C158.147": "伊勢原市 東大竹","C158.148": "伊勢原市 東富岡","C158.149": "伊勢原市 東成瀬","C158.150": "伊勢原市 日向","C158.151": "伊勢原市 見附島","C158.152": "海老名市 今里","C158.153": "海老名市 扇町","C158.154": "海老名市 大谷","C158.155": "海老名市 大谷北","C158.156": "海老名市 大谷南","C158.157": "海老名市 柏ケ谷","C158.158": "海老名市 勝瀬","C158.159": "海老名市 門沢橋","C158.160": "海老名市 上今泉","C158.161": "海老名市 上郷","C158.162": "海老名市 上河内","C158.163": "海老名市 河原口","C158.164": "海老名市 国分北","C158.165": "海老名市 国分南","C158.166": "海老名市 国分寺台","C158.167": "海老名市 さつき町","C158.168": "海老名市 下今泉","C158.169": "海老名市 社家","C158.170": "海老名市 杉久保","C158.171": "海老名市 杉久保北","C158.172": "海老名市 杉久保南","C158.173": "海老名市 中央","C158.174": "海老名市 中河内","C158.175": "海老名市 中新田","C158.176": "海老名市 中野","C158.177": "海老名市 浜田町","C158.178": "海老名市 東柏ケ谷","C158.179": "海老名市 本郷","C158.180": "海老名市 望地","C158.181": "座間市 南栗原","C158.182": "座間市 小松原","C158.183": "座間市 ひばりが丘","C158.184": "座間市 東原","C158.185": "座間市 さがみ野","C158.186": "座間市 相武台","C158.187": "座間市 広野台","C158.188": "座間市 相模が丘","C158.189": "座間市 栗原中央","C158.190": "座間市 座間","C158.191": "座間市 西栗原","C158.192": "座間市 緑ケ丘","C158.193": "座間市 明王","C158.194": "座間市 立野台","C158.195": "座間市 入谷","C158.196": "座間市 四ツ谷","C158.197": "座間市 新田宿","C158.198": "座間市 栗原","C158.199": "南足柄市 雨坪","C158.200": "南足柄市 飯沢","C158.201": "南足柄市 生駒","C158.202": "南足柄市 岩原","C158.203": "南足柄市 内山","C158.204": "南足柄市 狩野","C158.205": "南足柄市 苅野","C158.206": "南足柄市 北窪","C158.207": "南足柄市 小市","C158.208": "南足柄市 弘西寺","C158.209": "南足柄市 駒形新宿","C158.210": "南足柄市 関本","C158.211": "南足柄市 千津島","C158.212": "南足柄市 大雄町","C158.213": "南足柄市 竹松","C158.214": "南足柄市 塚原","C158.215": "南足柄市 中沼","C158.216": "南足柄市 怒田","C158.217": "南足柄市 沼田","C158.218": "南足柄市 広町","C158.219": "南足柄市 福泉","C158.220": "南足柄市 班目","C158.221": "南足柄市 壗下","C158.222": "南足柄市 三竹","C158.223": "南足柄市 向田","C158.224": "南足柄市 矢倉沢","C158.225": "南足柄市 和田河原","C158.226": "綾瀬市 厚木航空基地","C158.227": "綾瀬市 大上","C158.228": "綾瀬市 落合北","C158.229": "綾瀬市 落合南","C158.230": "綾瀬市 上土棚","C158.231": "綾瀬市 上土棚北","C158.232": "綾瀬市 上土棚中","C158.233": "綾瀬市 上土棚南","C158.234": "綾瀬市 小園","C158.235": "綾瀬市 小園南","C158.236": "綾瀬市 蓼川","C158.237": "綾瀬市 寺尾釜田","C158.238": "綾瀬市 寺尾北","C158.239": "綾瀬市 寺尾台","C158.240": "綾瀬市 寺尾中","C158.241": "綾瀬市 寺尾西","C158.242": "綾瀬市 寺尾本町","C158.243": "綾瀬市 寺尾南","C158.244": "綾瀬市 早川","C158.245": "綾瀬市 早川城山","C158.246": "綾瀬市 深谷","C158.247": "綾瀬市 深谷上","C158.248": "綾瀬市 深谷中","C158.249": "綾瀬市 深谷南","C158.250": "綾瀬市 本蓼川","C158.251": "綾瀬市 吉岡","C158.252": "綾瀬市 吉岡東","C158.253": "綾瀬市 綾西","C158.254": "三浦郡葉山町 一色","C158.255": "三浦郡葉山町 上山口","C158.256": "三浦郡葉山町 木古庭","C158.257": "三浦郡葉山町 下山口","C158.258": "三浦郡葉山町 長柄","C158.259": "三浦郡葉山町 堀内","C158.260": "高座郡寒川町 一之宮","C158.261": "高座郡寒川町 大蔵","C158.262": "高座郡寒川町 大曲","C158.263": "高座郡寒川町 岡田","C158.264": "高座郡寒川町 倉見","C158.265": "高座郡寒川町 小谷","C158.266": "高座郡寒川町 小動","C158.267": "高座郡寒川町 田端","C158.268": "高座郡寒川町 中瀬","C158.269": "高座郡寒川町 宮山","C158.270": "中郡大磯町 生沢","C158.271": "中郡大磯町 石神台","C158.272": "中郡大磯町 大磯","C158.273": "中郡大磯町 月京","C158.274": "中郡大磯町 黒岩","C158.275": "中郡大磯町 国府新宿","C158.276": "中郡大磯町 国府本郷","C158.277": "中郡大磯町 高麗","C158.278": "中郡大磯町 寺坂","C158.279": "中郡大磯町 西久保","C158.280": "中郡大磯町 西小磯","C158.281": "中郡大磯町 東小磯","C158.282": "中郡大磯町 東町","C158.283": "中郡大磯町 虫窪","C158.284": "中郡二宮町 一色","C158.285": "中郡二宮町 川匂","C158.286": "中郡二宮町 中里","C158.287": "中郡二宮町 二宮","C158.288": "中郡二宮町 富士見が丘","C158.289": "中郡二宮町 松根","C158.290": "中郡二宮町 緑が丘","C158.291": "中郡二宮町 山西","C158.292": "中郡二宮町 百合が丘","C158.293": "足柄上郡中井町 井ノ口","C158.294": "足柄上郡中井町 岩倉","C158.295": "足柄上郡中井町 遠藤","C158.296": "足柄上郡中井町 鴨沢","C158.297": "足柄上郡中井町 北田","C158.298": "足柄上郡中井町 久所","C158.299": "足柄上郡中井町 古怒田","C158.300": "足柄上郡中井町 境"}}