{"ja-JP": {"C159.1": "足柄上郡中井町 境別所","C159.2": "足柄上郡中井町 雑色","C159.3": "足柄上郡中井町 田中","C159.4": "足柄上郡中井町 半分形","C159.5": "足柄上郡中井町 比奈窪","C159.6": "足柄上郡中井町 藤沢","C159.7": "足柄上郡中井町 松本","C159.8": "足柄上郡大井町 赤田","C159.9": "足柄上郡大井町 金手","C159.10": "足柄上郡大井町 金子","C159.11": "足柄上郡大井町 上大井","C159.12": "足柄上郡大井町 篠窪","C159.13": "足柄上郡大井町 高尾","C159.14": "足柄上郡大井町 西大井","C159.15": "足柄上郡大井町 柳","C159.16": "足柄上郡大井町 山田","C159.17": "足柄上郡松田町 神山","C159.18": "足柄上郡松田町 松田惣領","C159.19": "足柄上郡松田町 松田庶子","C159.20": "足柄上郡松田町 寄","C159.21": "足柄上郡山北町 神尾田","C159.22": "足柄上郡山北町 神縄","C159.23": "足柄上郡山北町 川西","C159.24": "足柄上郡山北町 岸","C159.25": "足柄上郡山北町 玄倉","C159.26": "足柄上郡山北町 都夫良野","C159.27": "足柄上郡山北町 中川","C159.28": "足柄上郡山北町 平山","C159.29": "足柄上郡山北町 皆瀬川","C159.30": "足柄上郡山北町 向原","C159.31": "足柄上郡山北町 谷ケ","C159.32": "足柄上郡山北町 山市場","C159.33": "足柄上郡山北町 山北","C159.34": "足柄上郡山北町 湯触","C159.35": "足柄上郡山北町 世附","C159.36": "足柄上郡開成町 牛島","C159.37": "足柄上郡開成町 円通寺","C159.38": "足柄上郡開成町 岡野","C159.39": "足柄上郡開成町 金井島","C159.40": "足柄上郡開成町 中之名","C159.41": "足柄上郡開成町 延沢","C159.42": "足柄上郡開成町 みなみ","C159.43": "足柄上郡開成町 宮台","C159.44": "足柄上郡開成町 吉田島","C159.45": "足柄下郡箱根町 芦之湯","C159.46": "足柄下郡箱根町 大平台","C159.47": "足柄下郡箱根町 木賀","C159.48": "足柄下郡箱根町 強羅","C159.49": "足柄下郡箱根町 小涌谷","C159.50": "足柄下郡箱根町 須雲川","C159.51": "足柄下郡箱根町 仙石原","C159.52": "足柄下郡箱根町 底倉","C159.53": "足柄下郡箱根町 塔之澤","C159.54": "足柄下郡箱根町 二ノ平","C159.55": "足柄下郡箱根町 箱根","C159.56": "足柄下郡箱根町 畑宿","C159.57": "足柄下郡箱根町 宮城野","C159.58": "足柄下郡箱根町 宮ノ下","C159.59": "足柄下郡箱根町 元箱根","C159.60": "足柄下郡箱根町 湯本","C159.61": "足柄下郡箱根町 湯本茶屋","C159.62": "足柄下郡真鶴町 岩","C159.63": "足柄下郡真鶴町 真鶴","C159.64": "足柄下郡湯河原町 鍛冶屋","C159.65": "足柄下郡湯河原町 城堀","C159.66": "足柄下郡湯河原町 中央","C159.67": "足柄下郡湯河原町 土肥","C159.68": "足柄下郡湯河原町 福浦","C159.69": "足柄下郡湯河原町 福浦鍛冶屋","C159.70": "足柄下郡湯河原町 福浦吉浜","C159.71": "足柄下郡湯河原町 宮上","C159.72": "足柄下郡湯河原町 宮下","C159.73": "足柄下郡湯河原町 門川","C159.74": "足柄下郡湯河原町 吉浜","C159.75": "足柄下郡湯河原町 吉浜福浦","C159.76": "愛甲郡愛川町 春日台","C159.77": "愛甲郡愛川町 角田","C159.78": "愛甲郡愛川町 田代","C159.79": "愛甲郡愛川町 棚沢","C159.80": "愛甲郡愛川町 中津","C159.81": "愛甲郡愛川町 八菅山","C159.82": "愛甲郡愛川町 半原","C159.83": "愛甲郡愛川町 三増","C159.84": "愛甲郡清川村 煤ケ谷","C159.85": "愛甲郡清川村 宮ケ瀬","C159.86": "千代田区 飯田橋","C159.87": "千代田区 一番町","C159.88": "千代田区 岩本町","C159.89": "千代田区 内神田","C159.90": "千代田区 内幸町","C159.91": "千代田区 大手町","C159.92": "千代田区 鍛冶町","C159.93": "千代田区 霞が関","C159.94": "千代田区 神田相生町","C159.95": "千代田区 神田淡路町","C159.96": "千代田区 神田和泉町","C159.97": "千代田区 神田岩本町","C159.98": "千代田区 神田小川町","C159.99": "千代田区 神田鍛冶町","C159.100": "千代田区 神田北乗物町","C159.101": "千代田区 神田紺屋町","C159.102": "千代田区 神田佐久間河岸","C159.103": "千代田区 神田佐久間町","C159.104": "千代田区 神田神保町","C159.105": "千代田区 神田須田町","C159.106": "千代田区 神田駿河台","C159.107": "千代田区 神田多町","C159.108": "千代田区 神田司町","C159.109": "千代田区 神田富山町","C159.110": "千代田区 神田錦町","C159.111": "千代田区 神田西福田町","C159.112": "千代田区 神田練塀町","C159.113": "千代田区 神田花岡町","C159.114": "千代田区 神田東紺屋町","C159.115": "千代田区 神田東松下町","C159.116": "千代田区 神田平河町","C159.117": "千代田区 神田松永町","C159.118": "千代田区 神田美倉町","C159.119": "千代田区 神田美土代町","C159.120": "千代田区 紀尾井町","C159.121": "千代田区 北の丸公園","C159.122": "千代田区 九段北","C159.123": "千代田区 九段南","C159.124": "千代田区 皇居外苑","C159.125": "千代田区 麹町","C159.126": "千代田区 五番町","C159.127": "千代田区 猿楽町","C159.128": "千代田区 三番町","C159.129": "千代田区 外神田","C159.130": "千代田区 千代田","C159.131": "千代田区 永田町","C159.132": "千代田区 西神田","C159.133": "千代田区 二番町","C159.134": "千代田区 隼町","C159.135": "千代田区 東神田","C159.136": "千代田区 一ツ橋","C159.137": "千代田区 日比谷公園","C159.138": "千代田区 平河町","C159.139": "千代田区 富士見","C159.140": "千代田区 丸の内","C159.141": "千代田区 丸の内ＪＰタワー","C159.142": "千代田区 三崎町","C159.143": "千代田区 有楽町","C159.144": "千代田区 四番町","C159.145": "千代田区 六番町","C159.146": "中央区 明石町","C159.147": "中央区 入船","C159.148": "中央区 勝どき","C159.149": "中央区 京橋","C159.150": "中央区 銀座","C159.151": "中央区 新川","C159.152": "中央区 新富","C159.153": "中央区 築地","C159.154": "中央区 月島","C159.155": "中央区 佃","C159.156": "中央区 豊海町","C159.157": "中央区 日本橋","C159.158": "中央区 日本橋大伝馬町","C159.159": "中央区 日本橋蛎殻町","C159.160": "中央区 日本橋兜町","C159.161": "中央区 日本橋茅場町","C159.162": "中央区 日本橋小網町","C159.163": "中央区 日本橋小伝馬町","C159.164": "中央区 日本橋小舟町","C159.165": "中央区 日本橋東京日本橋タワー","C159.166": "中央区 日本橋富沢町","C159.167": "中央区 日本橋中洲","C159.168": "中央区 日本橋人形町","C159.169": "中央区 日本橋馬喰町","C159.170": "中央区 日本橋箱崎町","C159.171": "中央区 日本橋浜町","C159.172": "中央区 日本橋久松町","C159.173": "中央区 日本橋堀留町","C159.174": "中央区 日本橋本石町","C159.175": "中央区 日本橋本町","C159.176": "中央区 日本橋室町","C159.177": "中央区 日本橋横山町","C159.178": "中央区 八丁堀","C159.179": "中央区 浜離宮庭園","C159.180": "中央区 晴海","C159.181": "中央区 東日本橋","C159.182": "中央区 湊","C159.183": "中央区 八重洲","C159.184": "港区 赤坂","C159.185": "港区 麻布十番","C159.186": "港区 麻布台","C159.187": "港区 麻布永坂町","C159.188": "港区 麻布狸穴町","C159.189": "港区 愛宕","C159.190": "港区 海岸","C159.191": "港区 北青山","C159.192": "港区 港南","C159.193": "港区 芝","C159.194": "港区 芝浦","C159.195": "港区 芝公園","C159.196": "港区 芝大門","C159.197": "港区 白金","C159.198": "港区 白金台","C159.199": "港区 新橋","C159.200": "港区 台場","C159.201": "港区 高輪","C159.202": "港区 虎ノ門","C159.203": "港区 虎ノ門虎ノ門ヒルズ森タワー","C159.204": "港区 西麻布","C159.205": "港区 西新橋","C159.206": "港区 浜松町","C159.207": "港区 東麻布","C159.208": "港区 東新橋","C159.209": "港区 三田","C159.210": "港区 南青山","C159.211": "港区 南麻布","C159.212": "港区 元赤坂","C159.213": "港区 元麻布","C159.214": "港区 六本木","C159.215": "新宿区 四谷坂町","C159.216": "新宿区 愛住町","C159.217": "新宿区 赤城下町","C159.218": "新宿区 赤城元町","C159.219": "新宿区 揚場町","C159.220": "新宿区 荒木町","C159.221": "新宿区 市谷加賀町","C159.222": "新宿区 市谷甲良町","C159.223": "新宿区 市谷砂土原町","C159.224": "新宿区 市谷左内町","C159.225": "新宿区 市谷台町","C159.226": "新宿区 市谷鷹匠町","C159.227": "新宿区 市谷田町","C159.228": "新宿区 市谷長延寺町","C159.229": "新宿区 市谷仲之町","C159.230": "新宿区 市谷八幡町","C159.231": "新宿区 市谷船河原町","C159.232": "新宿区 市谷本村町","C159.233": "新宿区 市谷薬王寺町","C159.234": "新宿区 市谷柳町","C159.235": "新宿区 市谷山伏町","C159.236": "新宿区 岩戸町","C159.237": "新宿区 榎町","C159.238": "新宿区 大久保","C159.239": "新宿区 改代町","C159.240": "新宿区 神楽河岸","C159.241": "新宿区 神楽坂","C159.242": "新宿区 霞ケ丘町","C159.243": "新宿区 片町","C159.244": "新宿区 歌舞伎町","C159.245": "新宿区 上落合","C159.246": "新宿区 河田町","C159.247": "新宿区 喜久井町","C159.248": "新宿区 北新宿","C159.249": "新宿区 北町","C159.250": "新宿区 北山伏町","C159.251": "新宿区 細工町","C159.252": "新宿区 左門町","C159.253": "新宿区 三栄町","C159.254": "新宿区 信濃町","C159.255": "新宿区 下落合","C159.256": "新宿区 下宮比町","C159.257": "新宿区 白銀町","C159.258": "新宿区 新小川町","C159.259": "新宿区 新宿","C159.260": "新宿区 水道町","C159.261": "新宿区 須賀町","C159.262": "新宿区 住吉町","C159.263": "新宿区 大京町","C159.264": "新宿区 高田馬場","C159.265": "新宿区 箪笥町","C159.266": "新宿区 築地町","C159.267": "新宿区 津久戸町","C159.268": "新宿区 筑土八幡町","C159.269": "新宿区 天神町","C159.270": "新宿区 戸塚町","C159.271": "新宿区 富久町","C159.272": "新宿区 戸山","C159.273": "新宿区 内藤町","C159.274": "新宿区 中井","C159.275": "新宿区 中落合","C159.276": "新宿区 中里町","C159.277": "新宿区 中町","C159.278": "新宿区 納戸町","C159.279": "新宿区 西落合","C159.280": "新宿区 西五軒町","C159.281": "新宿区 西新宿","C159.282": "新宿区 西新宿小田急第一生命ビル","C159.283": "新宿区 西新宿住友不動産新宿グランドタワー","C159.284": "新宿区 二十騎町","C159.285": "新宿区 西早稲田","C159.286": "新宿区 馬場下町","C159.287": "新宿区 払方町","C159.288": "新宿区 原町","C159.289": "新宿区 東榎町","C159.290": "新宿区 東五軒町","C159.291": "新宿区 百人町","C159.292": "新宿区 袋町","C159.293": "新宿区 舟町","C159.294": "新宿区 弁天町","C159.295": "新宿区 本塩町","C159.296": "新宿区 南榎町","C159.297": "新宿区 南町","C159.298": "新宿区 南元町","C159.299": "新宿区 南山伏町","C159.300": "新宿区 山吹町"}}