{"ja-JP": {"C161.1": "世田谷区 八幡山","C161.2": "世田谷区 羽根木","C161.3": "世田谷区 東玉川","C161.4": "世田谷区 深沢","C161.5": "世田谷区 船橋","C161.6": "世田谷区 松原","C161.7": "世田谷区 三宿","C161.8": "世田谷区 南烏山","C161.9": "世田谷区 宮坂","C161.10": "世田谷区 用賀","C161.11": "世田谷区 若林","C161.12": "渋谷区 上原","C161.13": "渋谷区 鶯谷町","C161.14": "渋谷区 宇田川町","C161.15": "渋谷区 恵比寿","C161.16": "渋谷区 恵比寿西","C161.17": "渋谷区 恵比寿南","C161.18": "渋谷区 大山町","C161.19": "渋谷区 神山町","C161.20": "渋谷区 桜丘町","C161.21": "渋谷区 笹塚","C161.22": "渋谷区 猿楽町","C161.23": "渋谷区 渋谷","C161.24": "渋谷区 松濤","C161.25": "渋谷区 神宮前","C161.26": "渋谷区 神泉町","C161.27": "渋谷区 神南","C161.28": "渋谷区 千駄ヶ谷","C161.29": "渋谷区 代官山町","C161.30": "渋谷区 道玄坂","C161.31": "渋谷区 富ヶ谷","C161.32": "渋谷区 南平台町","C161.33": "渋谷区 西原","C161.34": "渋谷区 幡ヶ谷","C161.35": "渋谷区 鉢山町","C161.36": "渋谷区 初台","C161.37": "渋谷区 東","C161.38": "渋谷区 広尾","C161.39": "渋谷区 本町","C161.40": "渋谷区 円山町","C161.41": "渋谷区 元代々木町","C161.42": "渋谷区 代々木","C161.43": "渋谷区 代々木神園町","C161.44": "中野区 新井","C161.45": "中野区 江古田","C161.46": "中野区 江原町","C161.47": "中野区 上鷺宮","C161.48": "中野区 上高田","C161.49": "中野区 鷺宮","C161.50": "中野区 白鷺","C161.51": "中野区 中央","C161.52": "中野区 中野","C161.53": "中野区 沼袋","C161.54": "中野区 野方","C161.55": "中野区 東中野","C161.56": "中野区 本町","C161.57": "中野区 松が丘","C161.58": "中野区 丸山","C161.59": "中野区 南台","C161.60": "中野区 大和町","C161.61": "中野区 弥生町","C161.62": "中野区 若宮","C161.63": "杉並区 阿佐谷北","C161.64": "杉並区 阿佐谷南","C161.65": "杉並区 天沼","C161.66": "杉並区 井草","C161.67": "杉並区 和泉","C161.68": "杉並区 今川","C161.69": "杉並区 梅里","C161.70": "杉並区 永福","C161.71": "杉並区 大宮","C161.72": "杉並区 荻窪","C161.73": "杉並区 上井草","C161.74": "杉並区 上荻","C161.75": "杉並区 上高井戸","C161.76": "杉並区 久我山","C161.77": "杉並区 高円寺北","C161.78": "杉並区 高円寺南","C161.79": "杉並区 清水","C161.80": "杉並区 下井草","C161.81": "杉並区 下高井戸","C161.82": "杉並区 松庵","C161.83": "杉並区 善福寺","C161.84": "杉並区 高井戸西","C161.85": "杉並区 高井戸東","C161.86": "杉並区 成田西","C161.87": "杉並区 成田東","C161.88": "杉並区 西荻北","C161.89": "杉並区 西荻南","C161.90": "杉並区 浜田山","C161.91": "杉並区 方南","C161.92": "杉並区 堀ノ内","C161.93": "杉並区 本天沼","C161.94": "杉並区 松ノ木","C161.95": "杉並区 南荻窪","C161.96": "杉並区 宮前","C161.97": "杉並区 桃井","C161.98": "杉並区 和田","C161.99": "豊島区 池袋","C161.100": "豊島区 池袋本町","C161.101": "豊島区 要町","C161.102": "豊島区 上池袋","C161.103": "豊島区 北大塚","C161.104": "豊島区 駒込","C161.105": "豊島区 巣鴨","C161.106": "豊島区 千川","C161.107": "豊島区 雑司が谷","C161.108": "豊島区 高田","C161.109": "豊島区 高松","C161.110": "豊島区 千早","C161.111": "豊島区 長崎","C161.112": "豊島区 西池袋","C161.113": "豊島区 西巣鴨","C161.114": "豊島区 東池袋","C161.115": "豊島区 南池袋","C161.116": "豊島区 南大塚","C161.117": "豊島区 南長崎","C161.118": "豊島区 目白","C161.119": "北区 赤羽","C161.120": "北区 赤羽北","C161.121": "北区 赤羽台","C161.122": "北区 赤羽西","C161.123": "北区 赤羽南","C161.124": "北区 岩淵町","C161.125": "北区 浮間","C161.126": "北区 王子","C161.127": "北区 王子本町","C161.128": "北区 上十条","C161.129": "北区 上中里","C161.130": "北区 神谷","C161.131": "北区 岸町","C161.132": "北区 桐ケ丘","C161.133": "北区 栄町","C161.134": "北区 志茂","C161.135": "北区 十条台","C161.136": "北区 十条仲原","C161.137": "北区 昭和町","C161.138": "北区 滝野川","C161.139": "北区 田端","C161.140": "北区 田端新町","C161.141": "北区 豊島","C161.142": "北区 中里","C161.143": "北区 中十条","C161.144": "北区 西が丘","C161.145": "北区 西ケ原","C161.146": "北区 東十条","C161.147": "北区 東田端","C161.148": "北区 堀船","C161.149": "荒川区 荒川","C161.150": "荒川区 西尾久","C161.151": "荒川区 西日暮里","C161.152": "荒川区 東尾久","C161.153": "荒川区 東日暮里","C161.154": "荒川区 町屋","C161.155": "荒川区 南千住","C161.156": "板橋区 相生町","C161.157": "板橋区 赤塚","C161.158": "板橋区 赤塚新町","C161.159": "板橋区 小豆沢","C161.160": "板橋区 泉町","C161.161": "板橋区 板橋","C161.162": "板橋区 稲荷台","C161.163": "板橋区 大原町","C161.164": "板橋区 大谷口","C161.165": "板橋区 大谷口上町","C161.166": "板橋区 大谷口北町","C161.167": "板橋区 大山金井町","C161.168": "板橋区 大山町","C161.169": "板橋区 大山西町","C161.170": "板橋区 大山東町","C161.171": "板橋区 加賀","C161.172": "板橋区 上板橋","C161.173": "板橋区 熊野町","C161.174": "板橋区 小茂根","C161.175": "板橋区 幸町","C161.176": "板橋区 栄町","C161.177": "板橋区 坂下","C161.178": "板橋区 桜川","C161.179": "板橋区 清水町","C161.180": "板橋区 志村","C161.181": "板橋区 新河岸","C161.182": "板橋区 大門","C161.183": "板橋区 高島平","C161.184": "板橋区 東新町","C161.185": "板橋区 常盤台","C161.186": "板橋区 徳丸","C161.187": "板橋区 中板橋","C161.188": "板橋区 仲宿","C161.189": "板橋区 中台","C161.190": "板橋区 仲町","C161.191": "板橋区 中丸町","C161.192": "板橋区 成増","C161.193": "板橋区 西台","C161.194": "板橋区 蓮沼町","C161.195": "板橋区 蓮根","C161.196": "板橋区 東坂下","C161.197": "板橋区 東山町","C161.198": "板橋区 氷川町","C161.199": "板橋区 富士見町","C161.200": "板橋区 双葉町","C161.201": "板橋区 舟渡","C161.202": "板橋区 本町","C161.203": "板橋区 前野町","C161.204": "板橋区 三園","C161.205": "板橋区 南町","C161.206": "板橋区 南常盤台","C161.207": "板橋区 宮本町","C161.208": "板橋区 向原","C161.209": "板橋区 大和町","C161.210": "板橋区 弥生町","C161.211": "板橋区 四葉","C161.212": "板橋区 若木","C161.213": "練馬区 旭丘","C161.214": "練馬区 旭町","C161.215": "練馬区 大泉学園町","C161.216": "練馬区 大泉町","C161.217": "練馬区 春日町","C161.218": "練馬区 上石神井","C161.219": "練馬区 上石神井南町","C161.220": "練馬区 北町","C161.221": "練馬区 向山","C161.222": "練馬区 小竹町","C161.223": "練馬区 栄町","C161.224": "練馬区 桜台","C161.225": "練馬区 下石神井","C161.226": "練馬区 石神井台","C161.227": "練馬区 石神井町","C161.228": "練馬区 関町北","C161.229": "練馬区 関町東","C161.230": "練馬区 関町南","C161.231": "練馬区 高野台","C161.232": "練馬区 高松","C161.233": "練馬区 田柄","C161.234": "練馬区 立野町","C161.235": "練馬区 土支田","C161.236": "練馬区 豊玉上","C161.237": "練馬区 豊玉北","C161.238": "練馬区 豊玉中","C161.239": "練馬区 豊玉南","C161.240": "練馬区 中村","C161.241": "練馬区 中村北","C161.242": "練馬区 中村南","C161.243": "練馬区 西大泉","C161.244": "練馬区 西大泉町","C161.245": "練馬区 錦","C161.246": "練馬区 貫井","C161.247": "練馬区 練馬","C161.248": "練馬区 羽沢","C161.249": "練馬区 早宮","C161.250": "練馬区 東大泉","C161.251": "練馬区 光が丘","C161.252": "練馬区 氷川台","C161.253": "練馬区 富士見台","C161.254": "練馬区 平和台","C161.255": "練馬区 南大泉","C161.256": "練馬区 南田中","C161.257": "練馬区 三原台","C161.258": "練馬区 谷原","C161.259": "足立区 青井","C161.260": "足立区 足立","C161.261": "足立区 綾瀬","C161.262": "足立区 伊興","C161.263": "足立区 伊興本町","C161.264": "足立区 入谷","C161.265": "足立区 入谷町","C161.266": "足立区 梅島","C161.267": "足立区 梅田","C161.268": "足立区 扇","C161.269": "足立区 大谷田","C161.270": "足立区 興野","C161.271": "足立区 小台","C161.272": "足立区 加賀","C161.273": "足立区 加平","C161.274": "足立区 北加平町","C161.275": "足立区 栗原","C161.276": "足立区 弘道","C161.277": "足立区 江北","C161.278": "足立区 古千谷","C161.279": "足立区 古千谷本町","C161.280": "足立区 佐野","C161.281": "足立区 皿沼","C161.282": "足立区 鹿浜","C161.283": "足立区 島根","C161.284": "足立区 新田","C161.285": "足立区 神明","C161.286": "足立区 神明南","C161.287": "足立区 関原","C161.288": "足立区 千住","C161.289": "足立区 千住曙町","C161.290": "足立区 千住旭町","C161.291": "足立区 千住東","C161.292": "足立区 千住大川町","C161.293": "足立区 千住河原町","C161.294": "足立区 千住寿町","C161.295": "足立区 千住桜木","C161.296": "足立区 千住関屋町","C161.297": "足立区 千住龍田町","C161.298": "足立区 千住中居町","C161.299": "足立区 千住仲町","C161.300": "足立区 千住橋戸町"}}