{"ja-JP": {"C167.1": "川口市 東領家","C167.2": "川口市 舟戸町","C167.3": "川口市 本町","C167.4": "川口市 本蓮","C167.5": "川口市 本前川","C167.6": "川口市 前上町","C167.7": "川口市 前川","C167.8": "川口市 前川町","C167.9": "川口市 前田","C167.10": "川口市 前野宿","C167.11": "川口市 道合","C167.12": "川口市 三ツ和","C167.13": "川口市 緑町","C167.14": "川口市 南町","C167.15": "川口市 南鳩ヶ谷","C167.16": "川口市 南前川","C167.17": "川口市 峯","C167.18": "川口市 宮町","C167.19": "川口市 元郷","C167.20": "川口市 柳崎","C167.21": "川口市 柳根町","C167.22": "川口市 弥平","C167.23": "川口市 領家","C167.24": "行田市 旭町","C167.25": "行田市 荒木","C167.26": "行田市 壱里山町","C167.27": "行田市 犬塚","C167.28": "行田市 忍","C167.29": "行田市 押上町","C167.30": "行田市 小見","C167.31": "行田市 利田","C167.32": "行田市 門井町","C167.33": "行田市 上池守","C167.34": "行田市 北河原","C167.35": "行田市 行田","C167.36": "行田市 小敷田","C167.37": "行田市 小針","C167.38": "行田市 駒形","C167.39": "行田市 斎条","C167.40": "行田市 栄町","C167.41": "行田市 酒巻","C167.42": "行田市 埼玉","C167.43": "行田市 桜町","C167.44": "行田市 佐間","C167.45": "行田市 皿尾","C167.46": "行田市 清水町","C167.47": "行田市 下池守","C167.48": "行田市 下忍","C167.49": "行田市 下須戸","C167.50": "行田市 下中条","C167.51": "行田市 城西","C167.52": "行田市 城南","C167.53": "行田市 白川戸","C167.54": "行田市 水城公園","C167.55": "行田市 須加","C167.56": "行田市 関根","C167.57": "行田市 棚田町","C167.58": "行田市 中央","C167.59": "行田市 堤根","C167.60": "行田市 天満","C167.61": "行田市 藤間","C167.62": "行田市 中江袋","C167.63": "行田市 中里","C167.64": "行田市 長野","C167.65": "行田市 西新町","C167.66": "行田市 野","C167.67": "行田市 樋上","C167.68": "行田市 深水町","C167.69": "行田市 富士見町","C167.70": "行田市 藤原町","C167.71": "行田市 本丸","C167.72": "行田市 前谷","C167.73": "行田市 真名板","C167.74": "行田市 馬見塚","C167.75": "行田市 緑町","C167.76": "行田市 南河原","C167.77": "行田市 宮本","C167.78": "行田市 向町","C167.79": "行田市 持田","C167.80": "行田市 谷郷","C167.81": "行田市 矢場","C167.82": "行田市 若小玉","C167.83": "行田市 和田","C167.84": "行田市 渡柳","C167.85": "秩父市 相生町","C167.86": "秩父市 阿保町","C167.87": "秩父市 荒川小野原","C167.88": "秩父市 荒川上田野","C167.89": "秩父市 荒川久那","C167.90": "秩父市 荒川白久","C167.91": "秩父市 荒川贄川","C167.92": "秩父市 荒川日野","C167.93": "秩父市 伊古田","C167.94": "秩父市 和泉町","C167.95": "秩父市 上野町","C167.96": "秩父市 浦山","C167.97": "秩父市 太田","C167.98": "秩父市 大滝","C167.99": "秩父市 大野原","C167.100": "秩父市 大畑町","C167.101": "秩父市 大宮","C167.102": "秩父市 小柱","C167.103": "秩父市 金室町","C167.104": "秩父市 上影森","C167.105": "秩父市 上町","C167.106": "秩父市 上宮地町","C167.107": "秩父市 上吉田","C167.108": "秩父市 久那","C167.109": "秩父市 熊木町","C167.110": "秩父市 黒谷","C167.111": "秩父市 桜木町","C167.112": "秩父市 定峰","C167.113": "秩父市 品沢","C167.114": "秩父市 下影森","C167.115": "秩父市 下宮地町","C167.116": "秩父市 下吉田","C167.117": "秩父市 滝の上町","C167.118": "秩父市 田村","C167.119": "秩父市 近戸町","C167.120": "秩父市 寺尾","C167.121": "秩父市 道生町","C167.122": "秩父市 栃谷","C167.123": "秩父市 永田町","C167.124": "秩父市 中津川","C167.125": "秩父市 中町","C167.126": "秩父市 中宮地町","C167.127": "秩父市 中村町","C167.128": "秩父市 野坂町","C167.129": "秩父市 番場町","C167.130": "秩父市 東町","C167.131": "秩父市 日野田町","C167.132": "秩父市 別所","C167.133": "秩父市 堀切","C167.134": "秩父市 蒔田","C167.135": "秩父市 三峰","C167.136": "秩父市 みどりが丘","C167.137": "秩父市 宮側町","C167.138": "秩父市 本町","C167.139": "秩父市 柳田町","C167.140": "秩父市 山田","C167.141": "秩父市 吉田阿熊","C167.142": "秩父市 吉田石間","C167.143": "秩父市 吉田太田部","C167.144": "秩父市 吉田久長","C167.145": "所沢市 青葉台","C167.146": "所沢市 旭町","C167.147": "所沢市 荒幡","C167.148": "所沢市 泉町","C167.149": "所沢市 岩岡町","C167.150": "所沢市 牛沼","C167.151": "所沢市 榎町","C167.152": "所沢市 金山町","C167.153": "所沢市 上新井","C167.154": "所沢市 上安松","C167.155": "所沢市 上山口","C167.156": "所沢市 神米金","C167.157": "所沢市 亀ケ谷","C167.158": "所沢市 北秋津","C167.159": "所沢市 北岩岡","C167.160": "所沢市 北所沢町","C167.161": "所沢市 北中","C167.162": "所沢市 北野","C167.163": "所沢市 北野新町","C167.164": "所沢市 北野南","C167.165": "所沢市 北原町","C167.166": "所沢市 喜多町","C167.167": "所沢市 北有楽町","C167.168": "所沢市 くすのき台","C167.169": "所沢市 久米","C167.170": "所沢市 けやき台","C167.171": "所沢市 糀谷","C167.172": "所沢市 向陽町","C167.173": "所沢市 小手指台","C167.174": "所沢市 小手指町","C167.175": "所沢市 小手指南","C167.176": "所沢市 小手指元町","C167.177": "所沢市 寿町","C167.178": "所沢市 こぶし町","C167.179": "所沢市 坂之下","C167.180": "所沢市 狭山ケ丘","C167.181": "所沢市 下新井","C167.182": "所沢市 下富","C167.183": "所沢市 下安松","C167.184": "所沢市 勝楽寺","C167.185": "所沢市 城","C167.186": "所沢市 新郷","C167.187": "所沢市 所沢新町","C167.188": "所沢市 中新井","C167.189": "所沢市 中富","C167.190": "所沢市 中富南","C167.191": "所沢市 並木","C167.192": "所沢市 西新井町","C167.193": "所沢市 西狭山ケ丘","C167.194": "所沢市 西住吉","C167.195": "所沢市 西所沢","C167.196": "所沢市 花園","C167.197": "所沢市 林","C167.198": "所沢市 東新井町","C167.199": "所沢市 東狭山ケ丘","C167.200": "所沢市 東住吉","C167.201": "所沢市 東町","C167.202": "所沢市 東所沢","C167.203": "所沢市 東所沢和田","C167.204": "所沢市 日比田","C167.205": "所沢市 日吉町","C167.206": "所沢市 星の宮","C167.207": "所沢市 堀之内","C167.208": "所沢市 本郷","C167.209": "所沢市 松が丘","C167.210": "所沢市 松郷","C167.211": "所沢市 松葉町","C167.212": "所沢市 三ケ島","C167.213": "所沢市 緑町","C167.214": "所沢市 南住吉","C167.215": "所沢市 南永井","C167.216": "所沢市 美原町","C167.217": "所沢市 宮本町","C167.218": "所沢市 御幸町","C167.219": "所沢市 元町","C167.220": "所沢市 山口","C167.221": "所沢市 弥生町","C167.222": "所沢市 有楽町","C167.223": "所沢市 若狭","C167.224": "所沢市 和ケ原","C167.225": "所沢市 若松町","C167.226": "飯能市 青木","C167.227": "飯能市 赤沢","C167.228": "飯能市 茜台","C167.229": "飯能市 吾野","C167.230": "飯能市 芦苅場","C167.231": "飯能市 阿須","C167.232": "飯能市 東町","C167.233": "飯能市 稲荷町","C167.234": "飯能市 井上","C167.235": "飯能市 岩沢","C167.236": "飯能市 岩渕","C167.237": "飯能市 大河原","C167.238": "飯能市 落合","C167.239": "飯能市 笠縫","C167.240": "飯能市 上赤工","C167.241": "飯能市 上直竹上分","C167.242": "飯能市 上直竹下分","C167.243": "飯能市 上長沢","C167.244": "飯能市 上名栗","C167.245": "飯能市 上畑","C167.246": "飯能市 唐竹","C167.247": "飯能市 苅生","C167.248": "飯能市 川崎","C167.249": "飯能市 川寺","C167.250": "飯能市 北川","C167.251": "飯能市 久下","C167.252": "飯能市 久須美","C167.253": "飯能市 小岩井","C167.254": "飯能市 小久保","C167.255": "飯能市 虎秀","C167.256": "飯能市 小瀬戸","C167.257": "飯能市 坂石","C167.258": "飯能市 坂石町分","C167.259": "飯能市 栄町","C167.260": "飯能市 坂元","C167.261": "飯能市 下赤工","C167.262": "飯能市 下加治","C167.263": "飯能市 下川崎","C167.264": "飯能市 下直竹","C167.265": "飯能市 下名栗","C167.266": "飯能市 下畑","C167.267": "飯能市 白子","C167.268": "飯能市 新光","C167.269": "飯能市 新町","C167.270": "飯能市 征矢町","C167.271": "飯能市 高山","C167.272": "飯能市 中居","C167.273": "飯能市 長沢","C167.274": "飯能市 永田","C167.275": "飯能市 永田台","C167.276": "飯能市 仲町","C167.277": "飯能市 中藤上郷","C167.278": "飯能市 中藤下郷","C167.279": "飯能市 中藤中郷","C167.280": "飯能市 中山","C167.281": "飯能市 双柳","C167.282": "飯能市 八幡町","C167.283": "飯能市 原市場","C167.284": "飯能市 原町","C167.285": "飯能市 飯能","C167.286": "飯能市 平戸","C167.287": "飯能市 平松","C167.288": "飯能市 本町","C167.289": "飯能市 前ケ貫","C167.290": "飯能市 美杉台","C167.291": "飯能市 緑町","C167.292": "飯能市 南","C167.293": "飯能市 南川","C167.294": "飯能市 南町","C167.295": "飯能市 宮沢","C167.296": "飯能市 矢颪","C167.297": "飯能市 柳町","C167.298": "飯能市 山手町","C167.299": "加須市 阿佐間","C167.300": "加須市 愛宕"}}