{"ja-JP": {"C173.1": "比企郡滑川町 月輪","C173.2": "比企郡滑川町 土塩","C173.3": "比企郡滑川町 中尾","C173.4": "比企郡滑川町 羽尾","C173.5": "比企郡滑川町 福田","C173.6": "比企郡滑川町 水房","C173.7": "比企郡滑川町 みなみ野","C173.8": "比企郡滑川町 都","C173.9": "比企郡滑川町 山田","C173.10": "比企郡嵐山町 大蔵","C173.11": "比企郡嵐山町 越畑","C173.12": "比企郡嵐山町 勝田","C173.13": "比企郡嵐山町 鎌形","C173.14": "比企郡嵐山町 川島","C173.15": "比企郡嵐山町 志賀","C173.16": "比企郡嵐山町 将軍沢","C173.17": "比企郡嵐山町 菅谷","C173.18": "比企郡嵐山町 杉山","C173.19": "比企郡嵐山町 千手堂","C173.20": "比企郡嵐山町 太郎丸","C173.21": "比企郡嵐山町 遠山","C173.22": "比企郡嵐山町 根岸","C173.23": "比企郡嵐山町 花見台","C173.24": "比企郡嵐山町 平沢","C173.25": "比企郡嵐山町 広野","C173.26": "比企郡嵐山町 古里","C173.27": "比企郡嵐山町 むさし台","C173.28": "比企郡嵐山町 吉田","C173.29": "比企郡小川町 青山","C173.30": "比企郡小川町 飯田","C173.31": "比企郡小川町 伊勢根","C173.32": "比企郡小川町 大塚","C173.33": "比企郡小川町 小川","C173.34": "比企郡小川町 角山","C173.35": "比企郡小川町 笠原","C173.36": "比企郡小川町 上古寺","C173.37": "比企郡小川町 上横田","C173.38": "比企郡小川町 木部","C173.39": "比企郡小川町 木呂子","C173.40": "比企郡小川町 高谷","C173.41": "比企郡小川町 腰越","C173.42": "比企郡小川町 下里","C173.43": "比企郡小川町 下古寺","C173.44": "比企郡小川町 下横田","C173.45": "比企郡小川町 勝呂","C173.46": "比企郡小川町 鷹巣","C173.47": "比企郡小川町 高見","C173.48": "比企郡小川町 中爪","C173.49": "比企郡小川町 奈良梨","C173.50": "比企郡小川町 西古里","C173.51": "比企郡小川町 能増","C173.52": "比企郡小川町 原川","C173.53": "比企郡小川町 東小川","C173.54": "比企郡小川町 ひばり台","C173.55": "比企郡小川町 増尾","C173.56": "比企郡小川町 みどりが丘","C173.57": "比企郡小川町 靱負","C173.58": "比企郡川島町 飯島","C173.59": "比企郡川島町 伊草","C173.60": "比企郡川島町 一本木","C173.61": "比企郡川島町 牛ケ谷戸","C173.62": "比企郡川島町 梅ノ木","C173.63": "比企郡川島町 小見野","C173.64": "比企郡川島町 表","C173.65": "比企郡川島町 角泉","C173.66": "比企郡川島町 加胡","C173.67": "比企郡川島町 上伊草","C173.68": "比企郡川島町 上大屋敷","C173.69": "比企郡川島町 上小見野","C173.70": "比企郡川島町 上狢","C173.71": "比企郡川島町 上八ツ林","C173.72": "比企郡川島町 かわじま","C173.73": "比企郡川島町 北園部","C173.74": "比企郡川島町 釘無","C173.75": "比企郡川島町 紫竹","C173.76": "比企郡川島町 芝沼","C173.77": "比企郡川島町 下伊草","C173.78": "比企郡川島町 下大屋敷","C173.79": "比企郡川島町 下小見野","C173.80": "比企郡川島町 下狢","C173.81": "比企郡川島町 下八ツ林","C173.82": "比企郡川島町 正直","C173.83": "比企郡川島町 白井沼","C173.84": "比企郡川島町 出丸下郷","C173.85": "比企郡川島町 出丸中郷","C173.86": "比企郡川島町 出丸本","C173.87": "比企郡川島町 東部","C173.88": "比企郡川島町 鳥羽井","C173.89": "比企郡川島町 鳥羽井新田","C173.90": "比企郡川島町 戸守","C173.91": "比企郡川島町 中山","C173.92": "比企郡川島町 長楽","C173.93": "比企郡川島町 新堀","C173.94": "比企郡川島町 西谷","C173.95": "比企郡川島町 畑中","C173.96": "比企郡川島町 八幡","C173.97": "比企郡川島町 東大塚","C173.98": "比企郡川島町 東野","C173.99": "比企郡川島町 平沼","C173.100": "比企郡川島町 吹塚","C173.101": "比企郡川島町 曲師","C173.102": "比企郡川島町 松永","C173.103": "比企郡川島町 南園部","C173.104": "比企郡川島町 三保谷宿","C173.105": "比企郡川島町 宮前","C173.106": "比企郡川島町 虫塚","C173.107": "比企郡川島町 安塚","C173.108": "比企郡川島町 谷中","C173.109": "比企郡川島町 山ケ谷戸","C173.110": "比企郡川島町 吉原","C173.111": "比企郡吉見町 荒子","C173.112": "比企郡吉見町 飯島新田","C173.113": "比企郡吉見町 今泉","C173.114": "比企郡吉見町 江綱","C173.115": "比企郡吉見町 江和井","C173.116": "比企郡吉見町 大串","C173.117": "比企郡吉見町 大和田","C173.118": "比企郡吉見町 蚊斗谷","C173.119": "比企郡吉見町 上銀谷","C173.120": "比企郡吉見町 上砂","C173.121": "比企郡吉見町 上細谷","C173.122": "比企郡吉見町 北下砂","C173.123": "比企郡吉見町 北吉見","C173.124": "比企郡吉見町 久保田","C173.125": "比企郡吉見町 久保田新田","C173.126": "比企郡吉見町 久米田","C173.127": "比企郡吉見町 黒岩","C173.128": "比企郡吉見町 小新井","C173.129": "比企郡吉見町 御所","C173.130": "比企郡吉見町 古名","C173.131": "比企郡吉見町 古名新田","C173.132": "比企郡吉見町 地頭方","C173.133": "比企郡吉見町 下銀谷","C173.134": "比企郡吉見町 下細谷","C173.135": "比企郡吉見町 須ノ子新田","C173.136": "比企郡吉見町 高尾新田","C173.137": "比企郡吉見町 田甲","C173.138": "比企郡吉見町 中新井","C173.139": "比企郡吉見町 中曽根","C173.140": "比企郡吉見町 長谷","C173.141": "比企郡吉見町 西吉見","C173.142": "比企郡吉見町 蓮沼新田","C173.143": "比企郡吉見町 東野","C173.144": "比企郡吉見町 一ツ木","C173.145": "比企郡吉見町 本沢","C173.146": "比企郡吉見町 前河内","C173.147": "比企郡吉見町 松崎","C173.148": "比企郡吉見町 丸貫","C173.149": "比企郡吉見町 万光寺","C173.150": "比企郡吉見町 南吉見","C173.151": "比企郡吉見町 明秋","C173.152": "比企郡吉見町 谷口","C173.153": "比企郡吉見町 山ノ下","C173.154": "比企郡吉見町 和名","C173.155": "比企郡鳩山町 赤沼","C173.156": "比企郡鳩山町 石坂","C173.157": "比企郡鳩山町 泉井","C173.158": "比企郡鳩山町 今宿","C173.159": "比企郡鳩山町 大橋","C173.160": "比企郡鳩山町 奥田","C173.161": "比企郡鳩山町 楓ケ丘","C173.162": "比企郡鳩山町 熊井","C173.163": "比企郡鳩山町 小用","C173.164": "比企郡鳩山町 須江","C173.165": "比企郡鳩山町 高野倉","C173.166": "比企郡鳩山町 竹本","C173.167": "比企郡鳩山町 鳩ケ丘","C173.168": "比企郡鳩山町 松ケ丘","C173.169": "比企郡鳩山町 大豆戸","C173.170": "比企郡ときがわ町 大附","C173.171": "比企郡ときがわ町 大野","C173.172": "比企郡ときがわ町 椚平","C173.173": "比企郡ときがわ町 雲河原","C173.174": "比企郡ときがわ町 五明","C173.175": "比企郡ときがわ町 関堀","C173.176": "比企郡ときがわ町 瀬戸元上","C173.177": "比企郡ときがわ町 瀬戸元下","C173.178": "比企郡ときがわ町 田黒","C173.179": "比企郡ときがわ町 田中","C173.180": "比企郡ときがわ町 玉川","C173.181": "比企郡ときがわ町 西平","C173.182": "比企郡ときがわ町 番匠","C173.183": "比企郡ときがわ町 馬場","C173.184": "比企郡ときがわ町 日影","C173.185": "比企郡ときがわ町 別所","C173.186": "比企郡ときがわ町 本郷","C173.187": "比企郡ときがわ町 桃木","C173.188": "秩父郡横瀬町 芦ケ久保","C173.189": "秩父郡横瀬町 横瀬","C173.190": "秩父郡皆野町 大淵","C173.191": "秩父郡皆野町 金崎","C173.192": "秩父郡皆野町 金沢","C173.193": "秩父郡皆野町 上日野沢","C173.194": "秩父郡皆野町 国神","C173.195": "秩父郡皆野町 下田野","C173.196": "秩父郡皆野町 下日野沢","C173.197": "秩父郡皆野町 野巻","C173.198": "秩父郡皆野町 三沢","C173.199": "秩父郡皆野町 皆野","C173.200": "秩父郡長瀞町 井戸","C173.201": "秩父郡長瀞町 岩田","C173.202": "秩父郡長瀞町 長瀞","C173.203": "秩父郡長瀞町 中野上","C173.204": "秩父郡長瀞町 野上下郷","C173.205": "秩父郡長瀞町 風布","C173.206": "秩父郡長瀞町 本野上","C173.207": "秩父郡長瀞町 矢那瀬","C173.208": "秩父郡小鹿野町 飯田","C173.209": "秩父郡小鹿野町 伊豆沢","C173.210": "秩父郡小鹿野町 小鹿野","C173.211": "秩父郡小鹿野町 河原沢","C173.212": "秩父郡小鹿野町 三山","C173.213": "秩父郡小鹿野町 下小鹿野","C173.214": "秩父郡小鹿野町 長留","C173.215": "秩父郡小鹿野町 般若","C173.216": "秩父郡小鹿野町 日尾","C173.217": "秩父郡小鹿野町 藤倉","C173.218": "秩父郡小鹿野町 両神小森","C173.219": "秩父郡小鹿野町 両神薄","C173.220": "秩父郡東秩父村 大内沢","C173.221": "秩父郡東秩父村 奥沢","C173.222": "秩父郡東秩父村 皆谷","C173.223": "秩父郡東秩父村 坂本","C173.224": "秩父郡東秩父村 白石","C173.225": "秩父郡東秩父村 御堂","C173.226": "秩父郡東秩父村 安戸","C173.227": "児玉郡美里町 阿那志","C173.228": "児玉郡美里町 甘粕","C173.229": "児玉郡美里町 猪俣","C173.230": "児玉郡美里町 北十条","C173.231": "児玉郡美里町 木部","C173.232": "児玉郡美里町 駒衣","C173.233": "児玉郡美里町 小茂田","C173.234": "児玉郡美里町 下児玉","C173.235": "児玉郡美里町 白石","C173.236": "児玉郡美里町 関","C173.237": "児玉郡美里町 円良田","C173.238": "児玉郡美里町 中里","C173.239": "児玉郡美里町 沼上","C173.240": "児玉郡美里町 根木","C173.241": "児玉郡美里町 広木","C173.242": "児玉郡美里町 古郡","C173.243": "児玉郡美里町 南十条","C173.244": "児玉郡神川町 池田","C173.245": "児玉郡神川町 植竹","C173.246": "児玉郡神川町 上阿久原","C173.247": "児玉郡神川町 熊野堂","C173.248": "児玉郡神川町 小浜","C173.249": "児玉郡神川町 四軒在家","C173.250": "児玉郡神川町 下阿久原","C173.251": "児玉郡神川町 新宿","C173.252": "児玉郡神川町 関口","C173.253": "児玉郡神川町 中新里","C173.254": "児玉郡神川町 新里","C173.255": "児玉郡神川町 二ノ宮","C173.256": "児玉郡神川町 貫井","C173.257": "児玉郡神川町 原新田","C173.258": "児玉郡神川町 肥土","C173.259": "児玉郡神川町 元阿保","C173.260": "児玉郡神川町 元原","C173.261": "児玉郡神川町 矢納","C173.262": "児玉郡神川町 八日市","C173.263": "児玉郡神川町 渡瀬","C173.264": "児玉郡上里町 大御堂","C173.265": "児玉郡上里町 忍保","C173.266": "児玉郡上里町 金久保","C173.267": "児玉郡上里町 嘉美","C173.268": "児玉郡上里町 五明","C173.269": "児玉郡上里町 七本木","C173.270": "児玉郡上里町 神保原町","C173.271": "児玉郡上里町 帯刀","C173.272": "児玉郡上里町 堤","C173.273": "児玉郡上里町 勅使河原","C173.274": "児玉郡上里町 長浜","C173.275": "児玉郡上里町 八町河原","C173.276": "児玉郡上里町 毘沙吐","C173.277": "児玉郡上里町 藤木戸","C173.278": "児玉郡上里町 黛","C173.279": "児玉郡上里町 三町","C173.280": "大里郡寄居町 赤浜","C173.281": "大里郡寄居町 秋山","C173.282": "大里郡寄居町 今市","C173.283": "大里郡寄居町 折原","C173.284": "大里郡寄居町 金尾","C173.285": "大里郡寄居町 小園","C173.286": "大里郡寄居町 桜沢","C173.287": "大里郡寄居町 末野","C173.288": "大里郡寄居町 鷹巣","C173.289": "大里郡寄居町 立原","C173.290": "大里郡寄居町 露梨子","C173.291": "大里郡寄居町 富田","C173.292": "大里郡寄居町 西ノ入","C173.293": "大里郡寄居町 西古里","C173.294": "大里郡寄居町 鉢形","C173.295": "大里郡寄居町 風布","C173.296": "大里郡寄居町 藤田","C173.297": "大里郡寄居町 保田原","C173.298": "大里郡寄居町 三ケ山","C173.299": "大里郡寄居町 三品","C173.300": "大里郡寄居町 牟礼"}}