{"ja-JP": {"C182.1": "袖ケ浦市 上宮田","C182.2": "袖ケ浦市 川原井","C182.3": "袖ケ浦市 神納","C182.4": "袖ケ浦市 北袖","C182.5": "袖ケ浦市 久保田","C182.6": "袖ケ浦市 蔵波","C182.7": "袖ケ浦市 蔵波台","C182.8": "袖ケ浦市 坂戸市場","C182.9": "袖ケ浦市 三箇","C182.10": "袖ケ浦市 椎の森","C182.11": "袖ケ浦市 下泉","C182.12": "袖ケ浦市 下新田","C182.13": "袖ケ浦市 下根岸","C182.14": "袖ケ浦市 下宮田","C182.15": "袖ケ浦市 代宿","C182.16": "袖ケ浦市 高谷","C182.17": "袖ケ浦市 滝の口","C182.18": "袖ケ浦市 玉野","C182.19": "袖ケ浦市 百目木","C182.20": "袖ケ浦市 堂谷","C182.21": "袖ケ浦市 長浦","C182.22": "袖ケ浦市 長浦駅前","C182.23": "袖ケ浦市 中袖","C182.24": "袖ケ浦市 永吉","C182.25": "袖ケ浦市 奈良輪","C182.26": "袖ケ浦市 野里","C182.27": "袖ケ浦市 のぞみ野","C182.28": "袖ケ浦市 野田","C182.29": "袖ケ浦市 林","C182.30": "袖ケ浦市 福王台","C182.31": "袖ケ浦市 三黒","C182.32": "袖ケ浦市 三ツ作","C182.33": "袖ケ浦市 南袖","C182.34": "袖ケ浦市 谷中","C182.35": "袖ケ浦市 横田","C182.36": "袖ケ浦市 吉野田","C182.37": "八街市 朝日","C182.38": "八街市 砂","C182.39": "八街市 泉台","C182.40": "八街市 榎戸","C182.41": "八街市 大木","C182.42": "八街市 大関","C182.43": "八街市 大谷流","C182.44": "八街市 岡田","C182.45": "八街市 沖","C182.46": "八街市 沖渡","C182.47": "八街市 上砂","C182.48": "八街市 雁丸","C182.49": "八街市 木原","C182.50": "八街市 希望ケ丘","C182.51": "八街市 小谷流","C182.52": "八街市 四木","C182.53": "八街市 勢田","C182.54": "八街市 滝台","C182.55": "八街市 中央","C182.56": "八街市 富山","C182.57": "八街市 根古谷","C182.58": "八街市 東吉田","C182.59": "八街市 文違","C182.60": "八街市 みどり台","C182.61": "八街市 用草","C182.62": "八街市 八街い","C182.63": "八街市 八街に","C182.64": "八街市 八街は","C182.65": "八街市 八街へ","C182.66": "八街市 八街ほ","C182.67": "八街市 八街ろ","C182.68": "八街市 山田台","C182.69": "八街市 吉倉","C182.70": "印西市 相嶋","C182.71": "印西市 安食卜杭","C182.72": "印西市 和泉","C182.73": "印西市 泉","C182.74": "印西市 泉野","C182.75": "印西市 和泉屋","C182.76": "印西市 岩戸","C182.77": "印西市 内野","C182.78": "印西市 浦幡新田","C182.79": "印西市 浦部","C182.80": "印西市 浦部村新田","C182.81": "印西市 大塚","C182.82": "印西市 大廻","C182.83": "印西市 大森","C182.84": "印西市 小倉","C182.85": "印西市 小倉台","C182.86": "印西市 押付","C182.87": "印西市 鹿黒","C182.88": "印西市 鹿黒南","C182.89": "印西市 笠神","C182.90": "印西市 鎌苅","C182.91": "印西市 亀成","C182.92": "印西市 川向","C182.93": "印西市 木下","C182.94": "印西市 木下東","C182.95": "印西市 木下南","C182.96": "印西市 木刈","C182.97": "印西市 行徳","C182.98": "印西市 結縁寺","C182.99": "印西市 高西新田","C182.100": "印西市 荒野","C182.101": "印西市 小林","C182.102": "印西市 小林北","C182.103": "印西市 小林浅間","C182.104": "印西市 小林大門下","C182.105": "印西市 酒直卜杭","C182.106": "印西市 桜野","C182.107": "印西市 佐野屋","C182.108": "印西市 下井","C182.109": "印西市 下曽根","C182.110": "印西市 将監","C182.111": "印西市 白幡","C182.112": "印西市 甚兵衛","C182.113": "印西市 瀬戸","C182.114": "印西市 浅間前","C182.115": "印西市 草深","C182.116": "印西市 宗甫","C182.117": "印西市 高花","C182.118": "印西市 滝","C182.119": "印西市 滝野","C182.120": "印西市 竹袋","C182.121": "印西市 多々羅田","C182.122": "印西市 中央北","C182.123": "印西市 中央南","C182.124": "印西市 造谷","C182.125": "印西市 つくりや台","C182.126": "印西市 角田","C182.127": "印西市 戸神","C182.128": "印西市 戸神台","C182.129": "印西市 中","C182.130": "印西市 中田切","C182.131": "印西市 長門屋","C182.132": "印西市 中根","C182.133": "印西市 西の原","C182.134": "印西市 萩埜","C182.135": "印西市 萩原","C182.136": "印西市 原","C182.137": "印西市 原山","C182.138": "印西市 東の原","C182.139": "印西市 平岡","C182.140": "印西市 平賀","C182.141": "印西市 平賀学園台","C182.142": "印西市 船尾","C182.143": "印西市 別所","C182.144": "印西市 発作","C182.145": "印西市 舞姫","C182.146": "印西市 牧の木戸","C182.147": "印西市 牧の台","C182.148": "印西市 牧の原","C182.149": "印西市 松木","C182.150": "印西市 松崎","C182.151": "印西市 松崎台","C182.152": "印西市 松虫","C182.153": "印西市 美瀬","C182.154": "印西市 みどり台","C182.155": "印西市 武西","C182.156": "印西市 武西学園台","C182.157": "印西市 本埜小林","C182.158": "印西市 物木","C182.159": "印西市 師戸","C182.160": "印西市 山田","C182.161": "印西市 吉田","C182.162": "印西市 吉高","C182.163": "印西市 竜腹寺","C182.164": "印西市 若萩","C182.165": "白井市 池の上","C182.166": "白井市 今井","C182.167": "白井市 大山口","C182.168": "白井市 折立","C182.169": "白井市 河原子","C182.170": "白井市 木","C182.171": "白井市 清戸","C182.172": "白井市 けやき台","C182.173": "白井市 桜台","C182.174": "白井市 笹塚","C182.175": "白井市 神々廻","C182.176": "白井市 清水口","C182.177": "白井市 白井","C182.178": "白井市 大松","C182.179": "白井市 富塚","C182.180": "白井市 十余一","C182.181": "白井市 名内","C182.182": "白井市 中","C182.183": "白井市 七次台","C182.184": "白井市 西白井","C182.185": "白井市 根","C182.186": "白井市 野口","C182.187": "白井市 平塚","C182.188": "白井市 復","C182.189": "白井市 冨士","C182.190": "白井市 堀込","C182.191": "白井市 南山","C182.192": "白井市 武西","C182.193": "白井市 谷田","C182.194": "富里市 大和","C182.195": "富里市 久能","C182.196": "富里市 高野","C182.197": "富里市 御料","C182.198": "富里市 新中沢","C182.199": "富里市 高松","C182.200": "富里市 立沢","C182.201": "富里市 立沢新田","C182.202": "富里市 十倉","C182.203": "富里市 中沢","C182.204": "富里市 七栄","C182.205": "富里市 新橋","C182.206": "富里市 根木名","C182.207": "富里市 日吉倉","C182.208": "富里市 日吉台","C182.209": "富里市 美沢","C182.210": "南房総市 明石","C182.211": "南房総市 荒川","C182.212": "南房総市 安馬谷","C182.213": "南房総市 池之内","C182.214": "南房総市 石神","C182.215": "南房総市 石堂","C182.216": "南房総市 石堂原","C182.217": "南房総市 市部","C182.218": "南房総市 犬掛","C182.219": "南房総市 井野","C182.220": "南房総市 岩糸","C182.221": "南房総市 海老敷","C182.222": "南房総市 大井","C182.223": "南房総市 大学口","C182.224": "南房総市 小戸","C182.225": "南房総市 上滝田","C182.226": "南房総市 上堀","C182.227": "南房総市 加茂","C182.228": "南房総市 川上","C182.229": "南房総市 川田","C182.230": "南房総市 川谷","C182.231": "南房総市 久枝","C182.232": "南房総市 沓見","C182.233": "南房総市 久保","C182.234": "南房総市 検儀谷","C182.235": "南房総市 合戸","C182.236": "南房総市 小浦","C182.237": "南房総市 下滝田","C182.238": "南房総市 下堀","C182.239": "南房総市 珠師ケ谷","C182.240": "南房総市 白子","C182.241": "南房総市 白浜町乙浜","C182.242": "南房総市 白浜町白浜","C182.243": "南房総市 白浜町滝口","C182.244": "南房総市 白浜町根本","C182.245": "南房総市 千代","C182.246": "南房総市 高崎","C182.247": "南房総市 竹内","C182.248": "南房総市 千倉町宇田","C182.249": "南房総市 千倉町大川","C182.250": "南房総市 千倉町大貫","C182.251": "南房総市 千倉町川合","C182.252": "南房総市 千倉町川口","C182.253": "南房総市 千倉町川戸","C182.254": "南房総市 千倉町北朝夷","C182.255": "南房総市 千倉町久保","C182.256": "南房総市 千倉町忽戸","C182.257": "南房総市 千倉町白子","C182.258": "南房総市 千倉町白間津","C182.259": "南房総市 千倉町瀬戸","C182.260": "南房総市 千倉町千田","C182.261": "南房総市 千倉町平磯","C182.262": "南房総市 千倉町平舘","C182.263": "南房総市 千倉町牧田","C182.264": "南房総市 千倉町南朝夷","C182.265": "南房総市 富浦町青木","C182.266": "南房総市 富浦町居倉","C182.267": "南房総市 富浦町大津","C182.268": "南房総市 富浦町多田良","C182.269": "南房総市 富浦町手取","C182.270": "南房総市 富浦町豊岡","C182.271": "南房総市 富浦町南無谷","C182.272": "南房総市 富浦町丹生","C182.273": "南房総市 富浦町原岡","C182.274": "南房総市 富浦町深名","C182.275": "南房総市 富浦町福澤","C182.276": "南房総市 富浦町宮本","C182.277": "南房総市 中","C182.278": "南房総市 西原","C182.279": "南房総市 二部","C182.280": "南房総市 平塚","C182.281": "南房総市 府中","C182.282": "南房総市 古川","C182.283": "南房総市 平久里下","C182.284": "南房総市 平久里中","C182.285": "南房総市 前田","C182.286": "南房総市 増間","C182.287": "南房総市 丸本郷","C182.288": "南房総市 丸山平塚","C182.289": "南房総市 御子神","C182.290": "南房総市 三坂","C182.291": "南房総市 御庄","C182.292": "南房総市 峰","C182.293": "南房総市 宮下","C182.294": "南房総市 宮谷","C182.295": "南房総市 本織","C182.296": "南房総市 山下","C182.297": "南房総市 山田","C182.298": "南房総市 山名","C182.299": "南房総市 谷向","C182.300": "南房総市 吉沢"}}